URL,Status
https://www.latimes.com/,200
https://www.latimes.com/people/anita-chabria,200
https://www.latimes.com/sports/usc,200
https://edge.platform.latimes.com/,404
https://www.latimes.com/california/story/2025-10-02/ballots-mailed-on-election-day-may-not-be-counted-state-officials-warn,200
https://www.latimes.com/weddings,200
https://www.latimes.com/newsletters/opinion,200
https://www.latimes.com/california/story/2025-10-07/a-huge-600-million-casino-bigger-than-many-vegas-rivals-coming-to-california-next-month,200
https://www.latimes.com/games/jigsaw-puzzle,200
https://www.latimes.com/games/putt-putt-problems,200
https://www.latimes.com/people/jenn-harris,200
https://www.latimes.com/world-nation,200
https://www.latimes.com/sports/hockey,200
https://www.latimes.com/espanol/,200
https://www.latimes.com/topic/video-sports,200
https://www.latimes.com/shortdocs,200
https://www.latimes.com/people/bill-addison,200
https://www.latimes.com/people/bill-plaschke,200
https://www.latimes.com/newsletters/lakers,200
https://www.latimes.com/podcasts/the-envelope-podcast,200
https://www.latimes.com/topic/breaking-news,200
https://www.latimes.com/spaces,200
https://www.latimes.com/people/mark-z-barabak,200
https://www.latimes.com/b2b/banking-finance,200
https://www.latimes.com/people/laurie-ochoa,200
https://www.latimes.com/opinion/story/2025-10-07/portland-battlefield-national-guard,200
https://www.latimes.com/topic/artificial-intelligence,200
https://www.latimes.com/travel/story/2023-10-19/los-angeles-neighborhood-city-guides,200
https://www.latimes.com/california/newsletter/2025-10-06/fire-ravaged-california-towns-brink-of-extinction,200
https://www.latimes.com/newsletters/la-times-plants,200
https://www.latimes.com/food/list/best-happy-hour-guide-los-angeles-new-and-affordable,200
https://www.latimes.com/gift-subscription-terms,200
https://enewspaper.latimes.com/,200
https://www.latimes.com/science,200
https://www.latimes.com/environment/story/2025-09-29/the-fastest-selling-cars-in-america-are-used-evs,200
https://www.latimes.com/environment,200
https://www.latimes.com/people/robert-lloyd,200
https://www.latimes.com/topic/grammys,200
https://www.latimes.com/studios,200
https://www.latimes.com/opinion/letters-to-the-editor,200
https://www.latimes.com/travel/story/2025-09-26/la-wk-travel-same-destination-every-year,200
https://www.latimes.com/california/story/2025-09-17/redistricting-prop-50-newsom-warren-schwarzenegger,200
https://www.latimes.com/california/newsletter/2025-10-07/essential-california-elk-rancher-land-use-fight,200
https://www.latimes.com/opinion/story/2025-10-07/congress-power-coequal-branches,200
https://www.latimes.com/games/wordflower,200
https://www.latimes.com/food/story/2025-09-26/bub-grandmas-pizzeria-highland-park-kali-steakhouse-pinos-sandwiches-los-feliz,200
https://www.latimes.com/delos/list/xolo-mariduena-favorite-latino-owned-businesses-mi-los-angeles-cobra-kai,200
https://www.latimes.com/00000199-bb43-de30-afbd-bfe3a4a70000-123,200
https://www.latimes.com/archives/sign-up-to-receive-this-evenings-big-stories-in-your-inbox,200
https://www.latimes.com/food/story/2025-10-06/jade-rabbit-panda-express-chinese-american-restaurant-santa-monica,200
https://www.latimes.com/sports/dodgers,200
https://www.latimes.com/food/list/food-fundraisers-support-los-angeles-wildfire-relief-february-march-2025,200
https://www.latimes.com/about/how-to-obtain-rights-permissions,200
https://www.latimes.com/lifestyle/image/story/2022-09-13/coveted,200
https://www.latimes.com/business/story/2025-10-07/new-import-tariff-rule-delivers-shock-to-consumers,200
https://www.latimes.com/archives/topics,200
https://www.latimes.com/topic/la-times-today,200
https://www.latimes.com/people/the-times-editorial-board,200
https://www.latimes.com/projects/community-civic-engagement-government-participation/,200
https://www.latimes.com/newsletters/times-of-troy,200
https://www.latimes.com/california/story/2025-10-07/tom-girardi-son-in-law-receives-prison-sentence-for-role-in-legal-fraud-scandal,200
https://www.latimes.com/california/story/2025-10-07/victim-pulled-over-to-check-on-a-flat-tire-thats-when-three-masked-men-robbed,200
https://www.latimes.com/food/list/best-restaurants-california-guide,200
https://www.latimes.com/companion-animals,200
https://www.latimes.com/video,200
https://www.latimes.com/about/for-the-record/,200
https://www.latimes.com/california/story/2025-09-30/voters-mailed-inaccurate-congressional-boundaries-november-special-election-newsom,200
https://www.latimes.com/index.rss,200
https://www.latimes.com/california/story/2025-10-01/2025-november-special-election-redistricting-california-voter-guide-ballot,200
https://www.latimes.com/california/photography,200
https://www.latimes.com/business/autos,200
https://activate.latimes.com/,204
https://peopleonthemove.latimes.com/,200
https://www.latimes.com/newsletters/sign-up-for-our-prep-rally-newsletter,200
https://www.latimes.com/newsletters/sign-up-for-l-a-on-the-record,200
https://www.latimes.com/people/gustavo-arellano,200
https://www.latimes.com/sports,200
https://www.latimes.com/b2b/ai-technology,200
https://www.latimes.com/b2b/consumer-goods-retail,200
https://www.latimes.com/california/story/2025-10-07/trash-fees-will-spike-for-l-a-residents-as-city-council-confronts-fiscal-crisis,200
https://www.latimes.com/games/downwords,200
https://www.latimes.com/california/story/2025-10-06/south-lake-tahoe-mayor-confesses-to-stealing-from-church-attempting-suicide-in-statement-to-local-paper,200
https://www.latimes.com/veterinarians,200
https://www.latimes.com/favicon-32x32.png,200
https://www.latimes.com/topic/culture-voices,200
https://www.latimes.com/california/story/2025-10-01/where-to-vote-in-californias-2025-special-election-ballot-boxes-guide-redistricting,200
https://www.latimes.com/topic/entertainment-voices,200
https://jobs.latimes.com/,200
https://www.latimes.com/wildfire-recovery,200
https://www.latimes.com/entertainment-arts,200
https://www.latimes.com/business/real-estate,200
https://www.latimes.com/delos,200
https://www.latimes.com/california/story/2025-10-07/la-county-sex-abuse-settlement-investigation,200
https://www.latimes.com/newsletters/essential-arts,200
https://www.latimes.com/00000192-788e-ddaa-a39a-7abfc6b30000-123,200
https://classifieds.latimes.com/,200
https://www.latimes.com/california/story/2025-10-06/burbank-airport-air-traffic-control-tower-temporarily-unmanned-amid-government-shutdown,200
https://www.latimes.com/sports/hockey/kings,200
https://www.latimes.com/kiosco-digital,200
https://www.latimes.com/people/mark-swed,200
https://www.latimes.com/lifestyle/list/los-angeles-best-queer-shops-pride,200
https://www.latimes.com/topic/education,200
https://www.latimes.com/california/story/2025-10-06/air-ambulance-helicopter-crashes-on-50-freeway-in-sacramento-3-in-critical-condition,200
https://www.latimes.com/sports/hockey/ducks,200
https://www.latimes.com/b2b/commercial-real-estate,200
https://www.latimes.com/entertainment-arts/awards,200
https://www.latimes.com/environment/story/2025-10-07/californias-jet-propulsion-laboratory-braces-for-layoffs-as-federal-budget-battle-drags-on,200
https://www.latimes.com/topic/ukraine,200
https://www.latimes.com/california/story/2025-10-01/2025-california-election-proposition-50-redistricting-voter-guide,200
https://www.latimes.com/privacy-policy,200
https://www.latimes.com/people/dylan-hernandez,200
https://www.latimes.com/entertainment-arts/music,200
https://www.latimes.com/sports/angels,200
https://marketplace.latimes.com/places/types:23,200
https://www.latimes.com/topic/immigration,200
https://www.latimes.com/socal/daily-pilot/newsletters/timesoc-newsletter,200
https://www.latimes.com/newsletters/entertainment,200
https://www.latimes.com/environment/story/2024-09-09/our-climate-change-challenge-youth-future,200
https://www.latimes.com/california/story/2025-10-07/usc-academic-senate,200
https://www.latimes.com/games/mini-crossword,200
https://www.latimes.com/giving,200
https://www.latimes.com/california/story/2025-10-07/corona-video-thief-takes-13-foot-jack-skellington-halloween-decoration,200
https://www.latimes.com/newsletters/the-wild,200
https://placeanad.latimes.com/open-house,301
https://www.latimes.com/sports/dodgers/story/2025-10-07/inside-mookie-betts-wheel-play-bunt-coverage-phillies,200
https://www.latimes.com/topic/outdoors,200
https://www.latimes.com/screenings,200
https://www.latimes.com/about,200
https://www.latimes.com/newsletters/essential-california,200
https://www.latimes.com/lifestyle/image/story/2022-09-13/drip-index,200
https://www.latimes.com/food/list/best-italian-sub-sandwiches-los-angeles-guide,200
https://www.latimes.com/video/story/2023-04-19/very-important-questions,200
https://www.latimes.com/lifestyle/image/story/2022-09-13/los-intelligentsia,200
https://www.latimes.com/topic/israel-hamas,200
https://www.latimes.com/sports/soccer/galaxy,200
https://store.latimes.com/?utm_source=latimes&utm_medium=homepage&utm_campaign=homepage_nav,200
https://www.latimes.com/flyoutsubscribe,301
https://www.latimes.com/podcasts,200
https://www.latimes.com/topic/video-food,200
https://www.latimes.com/b2b/law-legal,200
https://www.latimes.com/entertainment-arts/business,200
https://www.latimes.com/topic/california-drought,200
https://www.latimes.com/newsletters/sports-report,200
https://membership.latimes.com/subscription-info,200
https://www.latimes.com/people/sammy-roth,200
https://www.latimes.com/entertainment-arts/story/2025-10-07/trump-diddy-pardon-sean-combs-prostitution-case,200
https://www.latimes.com/california/story/2025-09-26/proposition-50-money-redistricting-newsom,200
https://www.latimes.com/higher-education,200
https://www.latimes.com/travel/list/koreatown-los-angeles-guide-things-to-do,200
https://www.latimes.com/sports/sparks,200
https://www.latimes.com/topic/emmys,200
https://www.latimes.com/environment/story/colorado-river-in-crisis,200
https://www.latimes.com/sports/lakers,200
https://www.latimes.com/lifestyle/story/2025-10-03/la-affairs-robert-masello-i-am-giving-up-on-dating-and-sex-in-los-angeles,200
https://www.latimes.com/apple-touch-icon.png,200
https://www.latimes.com/travel/list/riverside-things-to-do-restaurants,200
https://www.latimes.com/topic/home-design,200
https://www.latimes.com/newsletters/sign-up-for-totally-worth-it-and-be-your-moneys-boss,200
https://www.latimes.com/sports/soccer,200
https://www.latimes.com/b2b/entertainment,200
https://www.latimes.com/travel/list/sacramento-travel-guide-things-to-do,200
https://www.latimes.com/subscriber-terms-and-conditions,200
https://www.latimes.com/california/story/2025-10-07/what-could-trigger-a-massive-quake-on-californias-san-andreas-fault,200
https://www.latimes.com/opinion/story/2025-10-03/chuck-schumer-hakeem-jeffries-democrats-maga-trump,200
https://www.latimes.com/tips/,200
https://www.latimes.com/oe-howtosubmitoped-story.html,200
https://www.latimes.com/about/marketing/los-angeles-times-for-students-and-educators,200
https://www.latimes.com/people/bill-shaikin,200
https://www.latimes.com/opinion/story/2024-09-10/los-angeles-times-elections-endorsements-2024-november,200
https://libs.platform.latimes.com/,403
https://www.latimes.com/poli,404
https://www.latimes.com/topic/news-commentary,200
https://www.latimes.com/people/patt-morrison,200
https://www.latimes.com/entertainment-arts/tv,200
https://www.latimes.com/lifestyle/image/story/2022-09-13/styling-myself,200
https://www.latimes.com/california/orange-county,200
https://www.latimes.com/people/charles-mcnulty,200
https://www.latimes.com/newsletters/sign-up-for-wide-shot,200
https://www.latimes.com/sports/highschool,200
https://www.latimes.com/b2b/autos,200
https://mediakit.latimes.com/,200
https://www.latimes.com/topic/california-law-politics,200
https://www.latimes.com/topic/la-politics,200
https://www.latimes.com/topic/wellness,200
https://www.latimes.com/environment/story/2025-10-07/majestic-wild-horses-are-trampling-mono-lakes-otherworldly-landscape-the-feds-plan-to-round-them-up,200
https://events.latimes.com/festivalofbooks/,200
https://marketplace.latimes.com/,200
https://www.latimes.com/newsletters/politics-newsletter,200
https://www.latimes.com/sports/chargers,200
https://www.latimes.com/about/public-affairs,200
https://www.latimes.com/topic/global-warming,200
https://membership.latimes.com/privacy-settings,200
https://www.latimes.com/newsletters/boiling-point,200
https://www.latimes.com/california/story/2025-10-07/immigration-sought-to-deport-88-year-old-but-he-already-died,200
https://www.latimes.com/games/impossible-sudoku,200
https://www.latimes.com/newsletters/sign-up-for-screen-gab-a-newsletter-about-the-tv-and-movies-everyones-talking-about,200
https://www.latimes.com/opinion,200
https://www.latimes.com/sports/clippers,200
https://www.latimes.com/california/story/2025-10-07/federal-agents-held-shackled-a-seriously-injured-man-hospital-bed-37-days,200
https://studios.latimes.com/,200
https://www.latimes.com/eta,200
https://www.latimes.com/topic/editorials,200
https://www.latimes.com/newsletters/the-envelope,200
https://www.latimes.com/business/technology,200
https://www.latimes.com/food/list/best-new-restaurants-bars-to-try-los-angeles-june-2025,200
https://store.latimes.com/?utm_source=latimes&utm_medium=homepage&utm_campaign=homepage_subnav,200
https://sli.latimes.com/,301
https://membership.latimes.com/newsletters/,301
https://www.latimes.com/sports/ucla,200
https://www.latimes.com/food/story/2025-09-26/la-restaurants-north-americas-50-best-list-new,200
https://www.latimes.com/entertainment-arts/tv/story/2025-10-07/taylor-swift-selena-gomez-wedding-engagement-jimmy-fallon,200
https://www.latimes.com/seniorresources,200
https://www.latimes.com/california,200
https://www.latimes.com/food/story/2023-02-23/why-los-angeles-is-the-best-coffee-city-in-the-world,200
https://placeanad.latimes.com/publications/los-angeles-times/residential-real-estate-for-sale-sections/,200
https://www.latimes.com/doctors-scientists,200
https://www.latimes.com/california/story/2025-10-07/lapd-crowd-control-weapons-challenge,200
https://www.latimes.com/newsletters/ucla-unlocked,200
https://www.latimes.com/newsletters/tasting-notes,200
https://careers.latimes.com/,200
https://www.latimes.com/food/list/101-best-restaurants-los-angeles,200
https://www.latimes.com/topic/mexico-americas,200
https://www.latimes.com/topic/food-voices,200
https://www.latimes.com/topic/fires,200
https://marketplace.latimes.com/places/categories:43,200
https://www.latimes.com/subscriptions/digital-ptv9-c1.html?int_source=marketing_content&int_medium=FS&int_campaign=64PRTV924LP,200
https://www.latimes.com/b2b,200
https://www.latimes.com/california/story/2025-09-26/chabria-column-masked-federal-authorities,200
https://www.latimes.com/california/story/2025-10-01/as-trees-get-chopped-down-in-altadena-residents-continue-to-raise-concerns-over-future,200
https://www.latimes.com/obituaries,200
https://www.latimes.com/food/list/best-places-to-eat-drink-palm-springs-coachella-yucca-valley-road-trip,200
https://www.latimes.com/people/christopher-knight,200
https://www.latimes.com/topic/video-climate-environment,200
https://www.latimes.com/opinion/letters-to-the-editor/hear-me-out,200
https://www.latimes.com/people/steve-lopez,200
https://www.latimes.com/00000199-3f9d-d52a-a9fb-bfbd33160000-123,200
https://www.latimes.com/environment/story/2023-09-26/times-launches-climate-california,200
https://www.latimes.com/politics/newsletter/2025-10-02/chabria-column-trump-hegseth-vance-chaos,200
https://www.latimes.com/california/story/2025-10-03/forecast-calls-for-cooler-windy-conditions-in-los-angeles-area,200
https://www.latimes.com/b2b/orange-county,200
https://www.latimes.com/people/glenn-whipp,200
https://www.latimes.com/topic/earthquakes,200
https://www.latimes.com/food/list/best-bars-wine-coffee-cocktails-los-angeles,200
https://enewspaper.latimes.com/desktop/latimes/default.aspx?pubid=50435180-e58e-48b5-8e0c-236bf740270e,200
https://www.latimes.com/topic/animals-pets/,200
https://placeanad.latimes.com/,200
https://www.latimes.com/politics/story/2025-09-10/chabria-column-charlie-kirk-killing-political-violence,200
https://www.latimes.com/topic/op-ed,200
https://www.latimes.com/california/story/2025-09-22/please-jimmy-dont-back-down-making-fun-of-trump-is-your-patriotic-duty,200
https://www.latimes.com/sports/soccer/angel-city-fc,200
https://www.latimes.com/lifestyle/image,200
https://membership.latimes.com/billing-info,200
https://www.latimes.com/topic/mental-health,200
https://www.latimes.com/voices,200
https://www.latimes.com/food/recipes,200
https://www.latimes.com/food,200
https://www.latimes.com/projects/repowering-the-west/,200
https://www.latimes.com/lifestyle/weekend,200
https://www.latimes.com/california/story/2025-10-05/trumps-education-deal-is-worse-than-it-seems,200
https://www.latimes.com/newsletters/indie-focus,200
https://www.latimes.com/california/story/2025-10-07/la-me-chabria-column-trump-california-lawsuits-national-guard,200
https://www.latimes.com/opinion/submit-letter-to-the-editor,200
https://www.latimes.com/terms-of-service,200
https://www.latimes.com/travel/story/2024-05-16/west-coast-101-best-experiences-things-to-do,200
https://www.latimes.com/sports/olympics,200
https://www.latimes.com/food/story/2025-10-07/darling-sean-brock-west-hollywood-restaurant-hi-fi-lounge-opening,200
https://www.latimes.com/entertainment-arts/story/2025-10-07/barbie-ilona-maher-rugby-girls-sports-role-model,200
https://www.latimes.com/about/pressreleases,200
https://www.latimes.com/dentistry,200
https://www.latimes.com/events-los-angeles-times,200
https://store.latimes.com/,200
https://membership.latimes.com/,200
https://www.latimes.com/people/anita-chabria.rss,200
https://www.latimes.com/people/michael-hiltzik,200
https://www.latimes.com/topic/for-la-times-subscribers,200
https://www.latimes.com/newsroom-directory,200
https://www.latimes.com/lifestyle,200
https://www.latimes.com/newsletters/cooking,200
https://www.latimes.com/games/wordsearch,200
https://www.latimes.com/games/sudoku,200
https://www.latimes.com/newsletters/latinx-files,200
https://www.latimes.com/california/story/2025-09-27/demonstrators-in-beach-communities-protest-trump-call-for-support-of-prop-50,200
https://www.latimes.com/california/newsletter/2025-09-15/california-epstein-files-release-california,200
https://www.latimes.com/people/george-skelton,200
https://www.latimes.com/footersubscribe,301
https://www.latimes.com/politics/story/2025-09-23/hes-back-former-gov-schwarzenegger-speaks-out-against-gerrymandering,200
https://www.latimes.com/business,200
https://www.latimes.com/about/audio-stories,200
https://www.latimes.com/entertainment-arts/books,200
https://www.latimes.com/environment/story/2025-09-22/la-wildfire-cleanup-historically-fast-safety-cost,200
https://www.latimes.com/lifestyle/list/best-botanic-gardens-to-visit-los-angeles-orange-county-san-diego-santa-barbara-riverside-ventura,200
https://www.latimes.com/entertainment-arts/story/2025-10-07/jajas-african-hair-braiding-at-the-taper-is-a-workplace-comedy-that-packs-a-political-punch,200
https://www.latimes.com/food/story/2025-06-12/california-dining-guides-san-diego-bay-area,200
https://www.latimes.com/weddings/planning-ideas/advice/story/los-angeles-wedding-costs-logistics,200
https://www.latimes.com/california/story/2025-09-17/chabria-column-gavin-newsom-mentorship-program,200
https://www.latimes.com/favicon-16x16.png,200
https://www.latimes.com/sitemap,200
https://www.latimes.com/weddings/styles/designers,200
https://www.latimes.com/la-home-breaking-news-story.html,200
https://www.latimes.com/entertainment-arts/movies/story/2025-09-24/one-battle-after-another-review-leonardo-di-caprio-benecio-del-toro-teyana-taylor-paul-thomas-anderson,200
https://www.latimes.com/california/latino-life,200
https://www.latimes.com/b2b/health-life-science,200
https://www.latimes.com/topic/election-2024,200
https://www.latimes.com/world-nation/story/2025-07-06/trump-and-gop-target-ballots-arriving-after-election-day-that-delay-counts-and-feed-conspiracy-fears,200
https://www.latimes.com/lifestyle/image/story/2022-09-13/trend-analysis,200
https://www.latimes.com/weddings/styles/designers/story/selkie-unveiled-heart-bridal-collection,200
https://www.latimes.com/politics/story/2025-09-18/chabria-wake-up-los-angeles-we-are-all-jimmy-kimmel,200
https://www.latimes.com/live-well,200
https://www.latimes.com/sports/story/2025-10-04/mark-sanchez-stabbed-hospitalized-former-usc-quarterback-fox-sports,200
https://www.latimes.com/weddings/styles/designers/story/betsey-johnson-christina-ricci-fall-2025-campaign,200
https://www.latimes.com/fitness,200
https://www.latimes.com/politics/story/2025-09-26/faster-more-frequent-transfers-of-immigrant-ice-detainees-sow-fear-and-cut-off-resources,200
https://www.latimes.com/opinion/story/2025-10-07/trump-maga-i-told-you-so,200
https://www.latimes.com/newsletters/dodgers-dugout,200
https://www.latimes.com/people/mikael-wood,200
https://www.latimes.com/weddings/locations/venues/story/pellican-hill-newport-beach-wedding-venue,200
https://www.latimes.com/games/daily-crossword,200
https://www.latimes.com/spaces/decor/trends/story/castlecore-retro-pop-home-decor,200
https://www.latimes.com/sports/usc/story/2025-09-17/danton-lynn-ucla-usc,200
https://www.latimes.com/topic/plants,200
https://www.latimes.com/00000199-8775-de30-afbd-9ff7b1130000-123,200
https://www.latimes.com/weddings/vendors/story/socal-latino-wedding-vendors-guide,200
https://www.latimes.com/espanol/eeuu/articulo/2025-10-06/youtube-paga-24-5-millones-para-zanjar-demanda-por-suspender-cuenta-de-trump,200
https://www.latimes.com/weddings/styles/designers/story/bridal-designer-andrew-kwon-interview,200
https://www.latimes.com/world-nation/story/2025-10-07/mourners-remember-latter-day-saints-president-as-a-healer-of-hearts-during-salt-lake-city-funeral,200
https://www.latimes.com/topic/sunday-funday,200
https://www.latimes.com/world-nation/story/2025-10-07/nobel-prize-in-physics-goes-to-3-scientists-whose-work-advanced-quantum-technology,200
https://www.latimes.com/weddings/planning-ideas,200
https://www.latimes.com/espanol/internacional/articulo/2025-10-03/estampida-en-mitin-politico-del-popular-actor-vijay-deja-40-muertos-en-la-india,200
https://www.latimes.com/weddings.rss,200
https://www.latimes.com/sports/usc/story/2025-09-19/usc-vs-michigan-state-what-to-watch,200
https://www.latimes.com/games,200
https://www.latimes.com/sports/usc/newsletter/2025-09-22/usc-football,200
https://www.latimes.com/weddings/planning-ideas/real-weddings/story/la-jeweler-wedding-insider-vendor-picks,200
https://www.latimes.com/espanol/eeuu/articulo/2025-10-06/trump-dice-que-ha-asegurado-17-billones-en-inversiones-la-cifra-real-es-probablemente-mucho-menor,200
https://www.latimes.com/weddings/vendors/story/national-wedding-industry-appreciation-day,200
https://www.latimes.com/politics/story/2025-10-07/supreme-court-free-speech-conversion-therapy-for-minors,200
https://www.latimes.com/food/food-maps,200
https://www.latimes.com/world-nation/story/2025-10-06/ukraine-claims-it-struck-russian-ammo-plant-oil-terminal-and-weapons-depot,200
https://www.latimes.com/weddings/styles,200
https://www.latimes.com/espanol/vida-y-estilo,200
https://www.latimes.com/weddings/planning-ideas/advice/story/wedding-traditions-to-keep-or-skip,200
https://www.latimes.com/sports/usc/story/2025-09-28/usc-basketball-star-juju-watkins-announces-she-wont-play-this-season,200
https://www.latimes.com/california/story/2025-10-07/southern-california-man-among-gaza-flotilla-activists-held-in-israeli-prison,200
https://www.latimes.com/sports/usc/story/2025-09-23/usc-football-jakobi-lane-elijah-paige,200
https://www.latimes.com/weddings/planning-ideas/prep/story/ai-wedding-planner-davids-bridal,200
https://www.latimes.com/espanol/eeuu/articulo/2025-10-06/fda-aprueba-nueva-pildora-abortiva-generica-desatando-las-criticas-de-los-conservadores,200
https://www.latimes.com/weddings/vendors,200
https://www.latimes.com/world-nation/story/2025-10-07/trump-administration-threatens-no-back-pay-for-federal-workers-in-shutdown,200
https://www.latimes.com/topic/trump-administration,200
https://www.latimes.com/world-nation/story/2025-10-07/a-newly-elected-mayor-in-germany-is-found-with-serious-stab-wounds,200
https://www.latimes.com/deals/story/kitchenaid-promo-code,200
https://www.latimes.com/espanol/mexico/articulo/2025-10-04/detienen-en-mexico-a-supuesto-lider-local-de-la-banda-criminal-transnacional-el-tren-de-aragua,200
https://www.latimes.com/weddings/press-releases,200
https://www.latimes.com/sports/usc/live/usc-football-vs-illinois-live-updates-how-to-watch-and-start-time,200
https://www.latimes.com/brandpublishing/hotproperty,200
https://www.latimes.com/sports/usc/story/2025-09-21/usc-football-vs-michigan-state-recap,200
https://www.latimes.com/weddings/planning-ideas/prep/story/bridal-boudoir-photography-wedding-trend,200
https://www.latimes.com/espanol/entretenimiento/articulo/2025-10-07/los-fabulosos-cadillacs-prometen-dos-noches-epicas-en-el-disney-concert-hall,200
https://www.latimes.com/weddings/locations/venues/story/park-hyatt-kyoto-wedding-venue,200
https://www.latimes.com/world-nation/story/2025-10-07/oversight-body-says-south-sudan-rivals-have-recruited-fighters-raising-war-fears,200
https://www.latimes.com/newsletters/sign-up-for-you-do-adu,200
https://www.latimes.com/world-nation/story/2021-01-15/he-did-the-right-thing-but-his-blackwater-guard-didnt-get-a-pardon,200
https://www.latimes.com/weddings/locations/venues/story/fall-wedding-reception-tablescape-trends,200
https://www.latimes.com/espanol/eeuu/articulo/2025-10-07/abogado-cuestiona-respuesta-de-universal-tras-muerte-en-montana-rusa,200
https://www.latimes.com/opinion/letters-to-the-editor/story/2025-10-06/bad-bunny-the-beach-boys,200
https://www.latimes.com/sports/soccer/lafc,200
https://www.latimes.com/entertainment-arts/music/story/2025-10-07/dolly-parton-freida-sister-praying-health-issues,200
https://www.latimes.com/sports/story/2025-10-07/mark-sanchez-stabbing-attack-truck-victim-recovery,200
https://www.latimes.com/opinion/letters-to-the-editor/story/2025-10-07/possible-fraud-settlement-journalism,200
https://www.latimes.com/espanol/vida-y-estilo/articulo/2025-09-09/influencer-que-volo-a-antartica-dona-30-000-dolares-a-fundacion-y-debe-dejar-chile-en-proximos-dias,200
https://www.latimes.com/weddings/planning-ideas/advice/story/how-to-keep-your-wedding-dance-floor-packed,200
https://www.latimes.com/world-nation/story/2025-10-05/newsom-trump-national-guard-oregon,200
https://www.latimes.com/california/story/2025-10-01/2025-california-special-election-how-to-vote-november-redistricting,200
https://www.latimes.com/world-nation/story/2025-10-05/at-least-5-people-were-killed-in-a-large-scale-russian-attack-on-ukraine,200
https://www.latimes.com/weddings/share-your-wedding-with-the-world,200
https://www.latimes.com/espanol/eeuu/articulo/2025-10-07/conductor-de-camion-demanda-a-mark-sanchez-y-fox-tras-violenta-pelea,200
https://www.latimes.com/opinion/letters-to-the-editor/story/2025-10-07/tax-cuts-national-debt,200
https://www.latimes.com/sports/ucla/story/2025-10-07/ucla-football-tim-skipper-michigan-state,200
https://www.latimes.com/politics,200
https://www.latimes.com/sports/usc.rss,200
https://www.latimes.com/opinion/story/2025-10-07/tilly-norwood-ai-actor-daniel-day-lewis,200
https://www.latimes.com/espanol/california/articulo/2025-09-23/maestros-demandan-por-medidas-migratorias-de-trump-dicen-que-estudiantes-no-asisten-a-clases,200
https://www.latimes.com/weddings/planning-ideas/real-weddings/story/montenegro-destination-wedding-herceg-novi,200
https://www.latimes.com/world-nation/story/2025-10-07/yemens-houthi-rebels-detain-9-more-un-staff-as-part-of-a-crackdown,200
https://www.latimes.com/games/swap,200
https://www.latimes.com/world-nation/story/2023-06-19/titanic-missing-submarine-tourist-tour-north-atlantic-wreck,200
https://www.latimes.com/weddings/styles/designers/story/andrew-kwon-spring-2026-runway-show-new-york-city,200
https://www.latimes.com/espanol/eeuu/articulo/2025-09-29/ninos-inmigrantes-en-eeuu-dejan-de-ir-a-la-escuela-por-temor-a-ice,200
https://www.latimes.com/opinion/letters-to-the-editor/story/2025-10-07/construction-workers-wage-proposal,200
https://www.latimes.com/sports/dodgers/story/2025-10-06/dodgers-phillies-nlds-world-series-path-mlb-postseason,200
https://www.latimes.com/topic/arts,200
https://www.latimes.com/sports/dodgers/story/2025-10-07/dodgers-roki-sasaki-closer-limited-use,200
https://www.latimes.com/opinion/letters-to-the-editor/story/2025-10-07/chevron-refinery-explosion-el-segundo,200
https://www.latimes.com/espanol/eeuu/articulo/2025-09-24/encuesta-madres-de-bajos-recursos-obligadas-a-elegir-entre-su-trabajo-y-la-educacion-de-sus-hijos,200
https://www.latimes.com/weddings/locations/venues/story/hotel-follonico-tuscany-wedding-venue,200
https://www.latimes.com/politics/story/2025-10-06/trump-aides-stephen-miller-russell-vought-portland-chicago-shutdown,200
https://www.latimes.com/people/doyle-mcmanus,200
https://www.latimes.com/nation/nationnow/la-na-nn-marlboro-men-20140127-story.html,200
https://www.latimes.com/weddings/styles/designers/story/atelier-pronovias-ballet-inspired-2026-bridal-collection,200
https://www.latimes.com/espanol/internacional/articulo/2025-10-05/cientos-de-miles-marchan-por-toda-europa-en-apoyo-a-los-palestinos,200
https://www.latimes.com/newsletters/opinion.rss,200
https://www.latimes.com/sports/usc/story/2025-09-26/usc-football-vs-illinois-what-to-watch-for,200
https://www.latimes.com/topic/behold,200
https://www.latimes.com/00000199-6378-d552-a9ff-677db2120000-123,200
https://www.latimes.com/opinion/letters-to-the-editor/story/2025-10-07/discourse-political-divides-relationships,200
https://www.latimes.com/espanol/sitemap,200
https://www.latimes.com/weddings/planning-ideas/inspiration/story/experiential-wedding-ideas,200
https://www.latimes.com/california/story/2025-10-06/cdc-covid-chickenpox-vaccine-recommendations-change,200
https://www.latimes.com/weddings/planning-ideas/real-weddings,200
https://www.latimes.com/espanol/california/articulo/2025-10-05/film-director-brazil-detained-by-ice-green-card-interview,200
https://www.latimes.com/california/story/2025-09-22/californias-tribes-once-again-get-lawmakers-to-attack-a-gambling-competitor,200
https://www.latimes.com/sports/usc/story/2025-10-06/mark-sanchez-felony-charge-severe-injuries-69-year-old-man-truck-driver-stabbing,200
https://www.latimes.com/california/story/2025-10-07/newson-signs-bill-to-combat-antisemitism-in-california-schools,200
https://www.latimes.com/sports/usc/newsletter/2025-10-06/usc-football-money,200
https://www.latimes.com/environment/story/2024-07-23/the-fight-over-a-mega-casino-sparks-a-debate-about-tribal-sovereignty,200
https://www.latimes.com/espanol/entretenimiento/articulo/2025-10-06/bad-bunny-imita-a-el-chavo-del-8-en-saturday-night-life-y-responde-a-sus-detractores-del-super-bowl,200
https://www.latimes.com/weddings/planning-ideas/inspiration,200
https://www.latimes.com/world-nation/story/2025-10-07/pro-palestinian-protests-on-the-2-year-anniversary-of-hamas-attack-on-israel,200
https://www.latimes.com/specialsupplements,200
https://www.latimes.com/world-nation/story/2025-10-05/mercenaries-arab-world-ukraine,200
https://www.latimes.com/weddings/planning-ideas/inspiration/story/alcohol-wedding-needs,200
https://www.latimes.com/espanol/vida-y-estilo/articulo/2025-09-09/el-principe-enrique-visita-la-tumba-de-la-reina-en-su-viaje-a-reino-unido,200
https://www.latimes.com/california/story/2025-09-16/primm-affordable-casino-mecca-for-la-on-slow-decline,200
https://www.latimes.com/sports/usc/story/2025-10-02/where-does-usc-go-from-here-with-its-struggling-secondary,200
https://www.latimes.com/topic/things-to-do,200
https://www.latimes.com/sports/usc/live/usc-football-michigan-state-live-updates-watch-start-time-score-highlights,200
https://www.latimes.com/california/story/2024-05-16/las-vegas-mirage-resort-to-fade-away-after-34-year-run,200
https://www.latimes.com/espanol/mexico/articulo/2025-10-03/fans-mexicanos-celebran-el-lanzamiento-de-the-life-of-a-showgirl-de-taylor-swift,200
https://www.latimes.com/weddings/planning-ideas/advice/story/ashley-alexiss-helloprenup-prenuptial-agreement,200
https://www.latimes.com/world-nation/story/2025-10-02/teens-claim-he-was-nabbed-shot-by-hispanic-men-sparked-outrage-it-was-a-hoax-police-say,200
https://www.latimes.com/topic/oscars,200
https://www.latimes.com/world-nation/story/2025-10-07/ukraines-donetsk-region-seen-as-russias-gateway-not-the-ultimate-prize-in-war,200
https://www.latimes.com/weddings/planning-ideas/story/pop-culture-wedding-themes-trends,200
https://www.latimes.com/espanol/internacional/articulo/2025-10-07/segundo-dia-de-conversaciones-de-paz-al-cumplirse-dos-anos-de-la-guerra-en-gaza,200
https://www.latimes.com/environment/story/2025-01-12/biden-to-create-chuckwalla-national-monument-s,200
https://www.latimes.com/sports/usc/newsletter/2025-09-29/usc-football,200
https://www.latimes.com/app,200
https://www.latimes.com/sports/dodgers/story/2025-10-06/dodgers-hall-of-fame-clayton-kershaw-greg-maddux,200
https://www.latimes.com/people/suhauna-hussain,200
https://www.latimes.com/espanol/opinion/articulo/2025-05-23/victima-de-trata-apoya-legislacion-que-prevendria-el-trabajo-forzoso-opinion,200
https://www.latimes.com/weddings/styles/trends/story/plus-size-bridal-fashion-trends,200
https://www.latimes.com/world-nation/story/2025-10-07/national-guard-members-from-texas-are-in-illinois-in-trumps-latest-move-to-send-troops-to-cities,200
https://www.latimes.com/environment/climate-projects,200
https://www.latimes.com/world-nation/story/2025-10-07/syrian-government-declares-ceasefire-after-clashes-with-kurdish-fighters,200
https://www.latimes.com/weddings/locations/venues/story/hana-maui-resort-destination-wedding,200
https://www.latimes.com/espanol/eeuu/articulo/2025-09-29/eeuu-fortalecera-operaciones-de-control-para-evitar-entrada-ilegal-de-armas-a-mexico-dice-sheinbaum,200
https://www.latimes.com/games/jigsaw-puzzle.rss,200
https://www.latimes.com/sports/usc/story/2025-09-24/lincoln-riley-is-deploying-two-tight-ends-powering-the-run-game,200
https://www.latimes.com/world-nation/story/2025-10-07/oct-7-anniversary-story,200
https://www.latimes.com/sports/usc/story/2025-10-05/mark-sanchez-accused-of-attacking-truck-driver-before-he-was-stabbed,200
https://www.latimes.com/games/putt-putt-problems.rss,200
https://www.latimes.com/espanol/entretenimiento,200
https://www.latimes.com/weddings/planning-ideas/prep,200
https://www.latimes.com/politics/story/2025-10-07/who-is-spending-money-on-prop-50-the-redistricting-measure-on-californias-november-ballot,200
https://www.latimes.com/archives,200
https://www.latimes.com/world-nation/story/2025-10-06/aclu-says-ice-is-unlawfully-punishing-immigrants-at-a-notorious-louisiana-detention-center,200
https://www.latimes.com/weddings/planning-ideas/real-weddings/story/palm-springs-korakia-pensione-wedding,200
https://www.latimes.com/espanol/internacional/articulo/2025-10-07/miles-se-manifiestan-a-favor-de-los-palestinos-en-el-2do-aniversario-del-ataque-de-hamas-a-israel,200
https://www.latimes.com/people/jenn-harris.rss,200
https://www.latimes.com/sports/usc/story/2025-09-27/usc-vs-illinois-game-recap,200
https://www.latimes.com/sports/rams,200
https://www.latimes.com/people/dakota-smith,200
https://www.latimes.com/food/list/best-restaurants-san-fernando-valley-dining-guide,200
https://www.latimes.com/espanol/entretenimiento/articulo/2025-10-07/the-life-of-a-showgirl-de-taylor-swift-rompe-record-de-ventas-en-eeuu-en-su-primer-dia,200
https://www.latimes.com/deals/story/target-promo-code,200
https://www.latimes.com/world-nation/story/2025-10-07/thousands-in-gaza-are-missing-2-years-into-the-war-tormented-families-search-for-clues,200
https://www.latimes.com/travel,200
https://www.latimes.com/sports/hockey/ducks/story/2025-10-02/ducks-sign-defenseman-jackson-lacombe-contract-extension,200
https://www.latimes.com/weddings/styles/designers/story/hayley-paige-interview,200
https://www.latimes.com/espanol/opinion/articulo/2025-06-01/oppenheimer-el-regimen-de-maduro-es-un-barco-que-se-hunde-dice-machado,200
https://www.latimes.com/00000199-25da-d997-a599-ffdb505e0000-123,200
https://www.latimes.com/people/melody-gutierrez,200
https://www.latimes.com/topic/la-affairs,200
https://www.latimes.com/california.rss,200
https://www.latimes.com/food/story/2025-09-08/orange-county-61-hundred-bread-sourdough-three-michelin-star,200
https://www.latimes.com/espanol/deportes/articulo/2025-10-07/lebron-james-anuncia-la-decision-de-todas-las-decisiones-era-un-anuncio,200
https://www.latimes.com/weddings/planning-ideas/advice/story/weddings-autumn-wedding-pros-cons,200
https://www.latimes.com/sports/hockey/story/2025-06-06/oilers-panthers-double-overtime-game-2,200
https://www.latimes.com/topic/jobs-labor,200
https://www.latimes.com/sports/hockey/ducks/story/2025-09-27/mason-mctavish-ducks-contract,200
https://www.latimes.com/espanol/california,200
https://www.latimes.com/weddings/styles/trends,200
https://www.latimes.com/food/story/2025-09-15/yanji-cold-noodles-naengmyeon-bistro-na-san-gabriel-valley,200
https://www.latimes.com/california/story/2025-10-07/newsom-law-enforcement-personnel-records-bill,200
https://membership.latimes.com/newsletters,200
https://www.latimes.com/entertainment-arts/story/2025-10-07/jajas-african-hair-braiding-cast-mark-taper-forum-humor-politics,200
https://www.latimes.com/food/story/2025-09-22/diner-crawl-nancy-silverton-phil-rosenthal-max-and-helens,200
https://www.latimes.com/weddings/locations/venues,200
https://www.latimes.com/espanol/eeuu/articulo/2025-10-07/openai-ahora-vale-500-000-millones-y-posiblemente-es-la-startup-mas-valiosa-del-mundo,200
https://www.latimes.com/sports/hockey.rss,200
https://www.latimes.com/food/list/los-angeles-hall-of-fame-restaurants-modern-classics,200
https://www.latimes.com/sports/hockey/story/2025-06-09/stanley-cup-final-game-3-panthers-oilers,200
https://www.latimes.com/espanol/internacional/articulo/2025-10-06/corte-militar-del-congo-condena-a-muerte-al-expresidente-kabila-por-traicion,200
https://www.latimes.com/weddings/planning-ideas/inspiration/story/taylor-swift-travis-kelce-wedding-trends,200
https://www.latimes.com/food/newsletter/2025-08-17/what-can-i-bring-party-recipes,200
https://www.latimes.com/topic/redistricting-california,200
https://www.latimes.com/travel/story/2025-10-03/sunday-funday-jenny-lewis-things-to-do-los-angeles,200
https://www.latimes.com/food/list/best-bars-coffee-shops-matcha-tea-wine-cocktails-san-fernando-valley,200
https://www.latimes.com/weddings/styles/designers/story/albright-houghton-beverly-hills-bridal,200
https://www.latimes.com/espanol/mexico/articulo/2025-10-06/cientos-de-migrantes-salen-del-sur-de-mexico-cansados-de-esperar-para-legalizar-su-situacion,200
https://www.latimes.com/sports/hockey/story/2025-06-14/stanley-cup-final-game-5-panthers-oilers,200
https://www.latimes.com/entertainment-arts/movies,200
https://www.latimes.com/sports/hockey/story/2025-09-05/ken-dryden-montreal-canadiens-goaltender-dies-obit,200
https://www.latimes.com/espanol/mexico,200
https://www.latimes.com/weddings/styles/designers/story/selkie-unveiled-heart-collection-2025,200
https://www.latimes.com/food/story/2025-08-28/nobu-los-angeles-restaurant-review,200
https://www.latimes.com/homeless-housing,200
https://www.latimes.com/business/story/2025-10-05/will-cancelling-a-card-hurt-my-credit-score,200
https://www.latimes.com/la-influential,200
https://www.latimes.com/politics/story/2025-10-05/supreme-courts-major-cases-to-be-argued-in-the-fall,200
https://www.latimes.com/spaces/decor/trends,200
https://www.latimes.com/espanol/entretenimiento/articulo/2025-10-07/festival-de-cine-de-morelia-tendra-una-edicion-con-grandes-protagonistas-femeninas,200
https://www.latimes.com/sports/hockey/kings/story/2025-07-01/nhl-free-agency-kings-lose-vladislav-gavrikov-to-rangers,200
https://www.latimes.com/california/story/2021-06-18/unshaken-the-complete-l-a-times-newsletter-guide-to-earthquake-readiness-and-resilience,200
https://www.latimes.com/sports/hockey/story/2025-06-17/florida-panthers-win-2025-stanley-cup-title,200
https://www.latimes.com/espanol/mexico/articulo/2025-09-24/ap-explica-cuanto-afecta-a-la-armada-mexicana-el-escandalo-por-el-contrabando-de-combustible,200
https://www.latimes.com/weddings/styles/designers/story/grace-loves-lace-golden-girl-collection-2025,200
https://www.latimes.com/world-nation/story/2025-10-06/doj-contradicts-desantis-some-detainees-at-alligator-alcatraz-likely-never-in-removal-proceedings,200
https://digitalagency.latimes.com/,200
https://www.latimes.com/world-nation/story/2025-10-07/a-judge-has-blocked-a-trump-administration-effort-to-change-teen-pregnancy-prevention-programs,200
https://www.latimes.com/topic/sports-voices,200
https://www.latimes.com/world-nation/story/2025-10-05/mexican-presidents-popularity-endures-despite-rising-corruption-concerns,200
https://www.latimes.com/weddings/styles/trends/story/old-mine-cut-diamond-explained,200
https://www.latimes.com/espanol/deportes/articulo/2025-10-07/lo-que-se-debe-saber-de-las-eliminatorias-para-el-mundial-2026,200
https://www.latimes.com/sports/hockey/story/2025-06-04/florida-vs-edmonton-game-1-of-stanley-cup-final,200
https://www.latimes.com/california/story/2025-10-07/seal-beach-police-pio-sues-city-alleging-discrimination,200
https://www.latimes.com/sports/hockey/kings/story/2025-08-02/la-kings-and-alex-laferriere-agree-to-three-year-deal,200
https://www.latimes.com/espanol/eeuu/articulo/2025-10-04/juez-bloquea-politica-de-trump-para-detener-a-menores-migrantes-en-centros-para-adultos,200
https://www.latimes.com/deals,200
https://www.latimes.com/topic/middle-east,200
https://www.latimes.com/topic/fashion,200
https://www.latimes.com/espanol/deportes/articulo/2025-10-07/aficionados-de-nfl-reciben-disculpa-y-reembolso-parcial-de-ticketmaster,200
https://www.latimes.com/entertainment-arts/books/story/2023-04-13/sign-up-for-los-angeles-times-book-club,200
https://www.latimes.com/world-nation/story/2025-10-07/at-the-center-of-shutdown-fight-health-care-is-one-of-the-most-intractable-issues-in-congress,200
https://www.latimes.com/weddings/planning-ideas/real-weddings/story/palm-springs-love-story-hinge-wedding,200
https://www.latimes.com/espanol/eeuu,200
https://www.latimes.com/sports/hockey/ducks/story/2025-06-12/chris-kreider-rangers-trade-ducks,200
https://www.latimes.com/california/story/2025-09-27/no-smoking-gun-report-on-altadena-cites-failures-but-did-not-name-names,200
https://www.latimes.com/sports/hockey/kings/story/2025-09-18/kings-captain-anze-kopitar-retirement-after-season,200
https://www.latimes.com/espanol/entretenimiento/articulo/2025-10-05/estas-fueron-las-canciones-mas-populares-de-la-semana,200
https://www.latimes.com/weddings/planning-ideas/inspiration/story/wedding-reception-table-decor-ideas,200
https://www.latimes.com/archives/la-xpm-1993-09-14-mn-34993-story.html,200
https://www.latimes.com/00000188-e563-d369-afcc-ed63b20d0002-123,200
https://www.latimes.com/espanol/eeuu/articulo/2025-10-06/chicago-e-illinois-demandan-para-detener-despliegue-de-guardia-nacional-por-trump,200
https://www.latimes.com/0000017e-a2aa-d72e-a1ff-a3aec86d0000-123,200
https://www.latimes.com/world-nation/story/2025-10-07/a-divided-israel-marks-2-years-since-oct-7-attack-as-war-in-gaza-grinds-on-and-hostages-languish,200
https://www.latimes.com/weddings/planning-ideas/real-weddings/story/neurodivergent-friendly-wedding-mountain-mermaid,200
https://www.latimes.com/espanol/eeuu/articulo/2025-10-06/afectara-el-cierre-gubernamental-de-eeuu-las-elecciones-de-2026-historia-reciente-ofrece-pistas,200
https://www.latimes.com/sports/hockey/kings/story/2025-06-12/kings-anze-kopitar-wins-lady-byng,200
https://www.latimes.com/food/list/where-to-get-affordable-lunch-deals-budget-meals-los-angeles,200
https://www.latimes.com/sports/hockey/kings/story/2025-05-15/ken-holland-says-hell-keep-jim-hiller-as-kings-coach,200
https://www.latimes.com/espanol/deportes/articulo/2025-10-07/novato-de-cerveceros-misiorowski-lanza-a-104-3-mph-en-tres-entradas-sin-permitir-carreras,200
https://www.latimes.com/weddings/planning-ideas/real-weddings/story/tahiti-destination-wedding-motu-tiahura,200
https://www.latimes.com/world-nation/story/2025-10-06/venezuela-denounces-alleged-extremist-plan-to-attack-shuttered-us-embassy-complex,200
https://www.latimes.com/0000017e-b67b-dcb1-a9fe-f7fbf6700000-123,200
https://www.latimes.com/espanol/comida,200
https://www.latimes.com/00000180-72b5-dddb-a3a4-f3f554a10000-123,200
https://www.latimes.com/politics/story/2025-10-07/ag-pam-bondi-dodges-questions-in-combative-senate-committee-grilling,200
https://www.latimes.com/weddings/locations,200
https://www.latimes.com/espanol/eeuu/articulo/2025-10-06/trump-considera-permitir-muchos-menos-refugiados-y-la-mayoria-serian-sudafricanos-blancos,200
https://www.latimes.com/sports/hockey/kings/story/2025-06-27/nhl-draft-remote-format-kings-ducks,200
https://www.latimes.com/topic/comedy,200
https://www.latimes.com/sports/hockey/kings/story/2025-09-13/kings-corey-perry-sidelined-six-to-eight-weeks-knee-surgery,200
https://www.latimes.com/espanol/edge.platform.latimes.com,404
https://www.latimes.com/weddings/locations/venues/story/wedding-planning-advice-from-real-brides,200
https://www.latimes.com/politics/story/2025-10-05/supreme-court-trump-claims-of-unchecked-power,200
https://www.latimes.com/00000182-dbde-d79f-afeb-dffe3ba10001-123,200
https://www.latimes.com/espanol/deportes/articulo/2025-10-07/kane-descarta-volver-a-la-liga-premier-y-esta-totalmente-comprometido-con-el-bayern,200
https://www.latimes.com/0000018d-32c8-d881-a1ef-7ff8bf240000-123,200
https://www.latimes.com/world-nation/story/2025-10-06/hurricane-priscilla-lashes-western-mexico-with-heavy-rain-and-strong-winds,200
https://www.latimes.com/weddings/planning-ideas/advice,200
https://www.latimes.com/espanol/eeuu/articulo/2025-10-07/secretaria-de-justicia-de-eeuu-elude-preguntas-de-los-democratas-en-audiencia-ante-el-congreso,200
https://www.latimes.com/sports/hockey/kings/story/2025-10-05/anze-kopitar-retirement-kings-playoffs,200
https://www.latimes.com/people/mary-mcnamara,200
https://www.latimes.com/sports/story/2025-06-23/ducks-trade-trevor-zegras-to-flyers-for-ryan-poehling-draft-picks,200
https://www.latimes.com/espanol/eeuu/articulo/2025-10-06/trump-se-dice-abierto-a-acuerdo-sobre-atencion-medica-pero-el-gobierno-debe-reabrir-primero,200
https://www.latimes.com/weddings/vendors/story/goods-gang-sustainable-modern-wedding-stationery,200
https://www.latimes.com/world-nation/story/2025-10-07/canadian-pm-carney-visits-trump-as-relations-between-the-longtime-allies-sit-at-a-low-point,200
https://www.latimes.com/00000183-f741-d452-a98f-ff7993a50001-123,200
https://www.latimes.com/espanol/internacional/articulo/2025-10-06/israel-y-hamas-inician-conversaciones-indirectas-en-egipto,200
https://www.latimes.com/00000195-b5aa-d8fa-a197-f7bf44f80000-123,200
https://www.latimes.com/world-nation.rss,200
https://www.latimes.com/entertainment-arts/awards/story/2024-12-05/jennifer-lopez-jharrel-jerome-unstoppable-mohammad-rasoulof-seed-of-the-sacred-fig-envelope-video-podcast,200
https://www.latimes.com/espanol/vida-y-estilo/articulo/2025-09-21/solvang-california-julefest-holiday-guide,200
https://www.latimes.com/sports/hockey/ducks/story/2025-07-17/lukas-dostal-avoids-arbitration-anaheim-ducks-deal,200
https://www.latimes.com/food/newsletter/2025-10-05/how-to-make-fluffy-crispy-edge-pancakes-recipes,200
https://www.latimes.com/espanol/deportes/articulo/2025-10-07/dodgers-scoring-spree-blake-snell-phillies-nlds-game-2,200
https://www.latimes.com/entertainment-arts/awards/story/2022-06-23/eleanor-roosevelt-pushed-boundaries-gillian-anderson-first-lady-xfiles,200
https://www.latimes.com/podcasts/story/2023-02-06/the-times-podcast-history-of-black-quarterbacks-nfl,200
https://www.latimes.com/00000182-5f77-d6ab-a9f3-dfff66680000-123,200
https://www.latimes.com/espanol/opinion,200
https://www.latimes.com/00000193-1d5a-defc-a9d3-5ffb4dee0001-123,200
https://www.latimes.com/entertainment-arts/awards/story/2024-02-23/barbie-billie-eilish-finneas-oscars-grammys-the-envelope,200
https://www.latimes.com/entertainment-arts/awards/story/2023-02-07/michelle-yeoh-everything-everywhere-all-at-once-oscar-interview-evelyn-wang,200
https://www.latimes.com/espanol/internacional/articulo/2025-10-05/israel-y-hamas-se-preparan-para-negociaciones-en-egipto-sobre-gaza-pero-continuan-ataques-israelies,200
https://www.latimes.com/environment/story/2025-10-07/company-bids-less-than-a-penny-per-ton-in-biggest-us-coal-sale-in-over-a-decade,200
https://www.latimes.com/sports/hockey/story/2025-06-12/stanley-cup-game-4-leon-draisaitl-overtime,200
https://www.latimes.com/spaces/outdoor,200
https://www.latimes.com/espanol/california/articulo/2025-10-05/we-the-people-rising-rally-end-to-ice-raids-restoration-of-healthcare-access,200
https://www.latimes.com/entertainment-arts/awards/story/2022-12-06/keke-palmer-snl-nope-jordan-peele-akeelah-and-the-bee,200
https://www.latimes.com/entertainment-arts/awards/story/2023-01-10/todd-field-tar-cate-blanchett-nina-hoss-noemie-merlant-oscars-twister,200
https://www.latimes.com/00000193-4b25-d884-a5bb-cf3fee970000-123,200
https://www.latimes.com/espanol/deportes/articulo/2025-10-06/dodgers-phillies-nlds-world-series-path-mlb-postseason,200
https://www.latimes.com/00000189-f675-df49-abdd-fe75fe2f0000-123,200
https://www.latimes.com/entertainment-arts/awards/story/2022-08-15/better-call-saul-season-6-finale-rhea-seehorn-kim-wexler,200
https://www.latimes.com/entertainment-arts/awards/story/2023-08-24/succession-menu-mark-mylod-envelope-podcast,200
https://www.latimes.com/espanol/eeuu/articulo/2025-09-30/un-mexicano-es-la-segunda-victima-de-tiroteo-en-instalacion-del-ice-en-dallas,200
https://www.latimes.com/deals/story/pura-promo-code,200
https://www.latimes.com/espanol/vida-y-estilo/articulo/2025-10-06/la-primera-superluna-del-ano-se-acerca-lo-que-hay-que-saber,200
https://www.latimes.com/privacidad,301
https://www.latimes.com/entertainment-arts/awards/story/2023-12-07/oscars-2024-contenders-picture-actor-actress-director-screenplay-supporting,200
https://www.latimes.com/entertainment-arts/awards/story/2022-01-04/mahershala-ali-and-benjamin-cleary-on-sci-fi-drama-swan-song,200
https://www.latimes.com/0000017e-c0dd-dc12-a17f-fbdda2390000-123,200
https://www.latimes.com/espanol/internacional/articulo/2025-10-07/cifras-muestran-como-dos-anos-de-guerra-han-devastado-las-vidas-palestinas-en-gaza,200
https://www.latimes.com/shortdocs/00000190-17f9-d97c-a19e-b7fbec6e0000-123,200
https://www.latimes.com/entertainment-arts/awards/story/2023-12-14/american-fiction-jeffrey-wright-cord-jefferson-kemp-powers-across-the-spider-verse-miles-morales-golden-globes,200
https://www.latimes.com/entertainment-arts/awards/story/2024-06-20/naomi-watts-feud-capote-the-swans-issa-lopez-true-detective-night-country-envelope-podcast,200
https://www.latimes.com/b2b/banking-finance/story/2025-09-21/unmatched-ventures-pairs-human-investment-capital,200
https://www.latimes.com/espanol/eeuu/articulo/2025-10-06/cierre-del-gobierno-amenaza-programa-de-ayuda-alimentaria-del-que-dependen-millones-de-familias,200
https://www.latimes.com/spaces/build/diy/story/garage-workshop-upgrade-ideas,200
https://www.latimes.com/espanol/opinion/articulo/2025-06-13/ondear-la-bandera-mexicana-en-las-protestas-de-ice-es-tan-estadounidense-como-el-pastel-de-manzana-opinion,200
https://www.latimes.com/b2b/consumer-goods-retail/story/2025-09-15/centerfield-acquires-consumervoice,200
https://www.latimes.com/entertainment-arts/awards/story/2025-09-11/2025-emmys-predictions-winners,200
https://www.latimes.com/entertainment-arts/awards/story/2021-12-21/halle-berry-netflix-bruised-envelope-podcast-interview,200
https://www.latimes.com/00000198-77d3-d779-a99d-7ff724940000-123,200
https://www.latimes.com/espanol/educacion,200
https://www.latimes.com/shortdocs/0000018b-d4f9-d806-abcb-dcfdba210000-123,200
https://www.latimes.com/entertainment-arts/awards/story/2022-06-21/bridgerton-star-simone-ashley-on-kate-sharma-humanity-and-representation,200
https://www.latimes.com/entertainment-arts/awards/story/2024-05-30/maya-erskine-mr-mrs-smith-prime-video-viet-thanh-nguyen-don-mckellar-the-sympathizer-hbo-envelope-podcast,200
https://www.latimes.com/b2b/banking-finance/story/2025-09-19/brandon-williams-appointed-head-of-city-national-banks-wealth-management,200
https://www.latimes.com/espanol/eeuu/articulo/2025-10-06/las-ciudades-donde-la-gente-gastara-mas-en-sus-autos-este-ano,200
https://www.latimes.com/spaces/room/kids/story/how-to-find-safe-kids-furniture,200
https://placeanad.latimes.com/LATespanol,301
https://www.latimes.com/b2b/banking-finance/story/2025-09-18/interior-images-acquired-the-designers-group,200
https://www.latimes.com/entertainment-arts/awards/story/2025-06-12/janelle-james-abbott-elementary-aaron-pierre-rebel-ridge-envelope-video-podcast,200
https://www.latimes.com/entertainment-arts/awards/story/2022-03-25/oscars-ceremony-envelope-podcast,200
https://www.latimes.com/shortdocs/0000018f-366c-d7b9-a9bf-7f7f09290000-123,200
https://www.latimes.com/espanol/california/articulo/2025-09-19/este-pueblo-californiano-fue-arrasado-por-un-incendio-y-7-anos-despues-las-escuelas-aun-se-recuperan,200
https://www.latimes.com/shortdocs/0000018b-495a-d518-a9ab-db7f6fb70000-123,200
https://www.latimes.com/entertainment-arts/awards/story/2023-06-01/la-et-env-james-marsden-jury-duty-ronald-gladen-emmys-envelope-podcast,200
https://www.latimes.com/entertainment-arts/awards/story/2024-06-06/elsbeth-michelle-king-jonathan-tolins-lessons-in-chemistry-aja-naomi-king-envelope-podcast,200
https://www.latimes.com/b2b/innovators-unplugged,200
https://www.latimes.com/espanol/entretenimiento/articulo/2025-10-04/de-cocteles-de-tequila-a-shows-drag-fans-de-taylor-swift-celebran-the-life-of-a-showgirl,200
https://www.latimes.com/spaces/room/bedroom,200
https://www.latimes.com/opinion/story/2025-10-01/chicago-portland-national-guard-troops,200
https://www.latimes.com/b2b/banking-finance/story/2025-09-05/air-lease-corp-go-private-merger-valued-7-4-billion,200
https://www.latimes.com/entertainment-arts/awards/story/2022-01-18/maggie-gyllenhaal-lost-daughter-envelope,200
https://www.latimes.com/entertainment-arts/awards/story/2025-02-13/coralie-fargeat-substance-brady-corbet-brutalist-envelope-video-podcast,200
https://www.latimes.com/00000193-55c8-d42e-a99f-5fd8041b0000-123,200
https://www.latimes.com/espanol/mexico/articulo/2025-08-03/a-mexican-town-fired-its-police-and-embraced-the-military-heres-what-happened-next,200
https://www.latimes.com/shortdocs/story/2022-01-05/short-docs-submission-form,200
https://www.latimes.com/entertainment-arts/awards/story/2023-08-10/la-et-env-hollywood-strike-sag-atra-wga-emmys-envelope-podcast,200
https://www.latimes.com/entertainment-arts/awards/story/2021-12-14/adam-mckay-the-envelope-podcast,200
https://www.latimes.com/b2b/events,200
https://www.latimes.com/opinion/story/2025-10-06/ice-hiring-standards,200
https://www.latimes.com/spaces/decor/style/story/how-to-create-a-warm-minimalist-home,200
https://www.latimes.com/insights/,200
https://www.latimes.com/b2b/ai-technology/story/2025-09-22/divergent-closes-290m-series-e-at-2-3b-valuation,200
https://www.latimes.com/entertainment-arts/awards/story/2023-06-15/la-et-env-christina-applegate-linda-cardellini-dead-to-me-emmys-envelope-podcast,200
https://www.latimes.com/entertainment-arts/awards/story/2024-12-12/ryan-destiny-fire-inside-sean-baker-mikey-madison-anora-envelope-video-podcast,200
https://www.latimes.com/rgeuhdredti-123,200
https://www.latimes.com/espanol/california/articulo/2025-10-07/automovilistas-levantan-helicoptero-estrellado-en-california-para-rescatar-a-mujer,200
https://www.latimes.com/00000195-070b-df26-a397-3f9b16990000-123,200
https://www.latimes.com/entertainment-arts/awards/story/2022-02-01/spencer-director-pablo-larrain-princess-diana-kristen-stewart,200
https://www.latimes.com/entertainment-arts/awards/story/2022-05-24/lily-tomlin-jane-fonda-grace-frankie-finale-dolly-friendship,200
https://www.latimes.com/b2b/nominations,200
https://www.latimes.com/world-nation/story/2025-10-03/portland-braces-for-federal-troops-protests-escalate-conservative-influencer-arrested,200
https://www.latimes.com/spaces/decor/shop/story/sculptural-container-garden-ideas,200
https://www.latimes.com/entertainment-arts/business/story/2025-09-25/spotify-removes-ai-spammy-music-tracks,200
https://www.latimes.com/b2b/consumer-goods-retail/story/2025-09-19/osea-malibu-secures-general-atlantic-investment,200
https://www.latimes.com/entertainment-arts/awards/story/2020-12-02/the-envelope-podcast,200
https://www.latimes.com/entertainment-arts/awards/story/2023-08-17/vanderpump-rules-bravo-lisa-vanderpump-alex-baskin-season-11-spinoff-emmys-scandoval,200
https://www.latimes.com/00000184-8c10-dd0c-a7a6-eed245370001-123,200
https://www.latimes.com/espanol/eeuu/articulo/2025-10-06/tensiones-comerciales-causan-estrepitosa-caida-de-exportaciones-de-licores-estadounidenses-a-canada,200
https://www.latimes.com/0000017f-b820-dbac-a3ff-fd3ab66b0000-123,200
https://www.latimes.com/topic/breaking-news.rss,200
https://www.latimes.com/entertainment-arts/awards/story/2025-08-14/kathy-bates-matlock-jason-segel-shrinking-envelope-video-podcast,200
https://www.latimes.com/b2b/banking-finance/story/2025-09-23/prorataai-raises-40m-series-b-round,200
https://www.latimes.com/entertainment-arts/business/story/2025-10-06/la-et-ct-wme-sora-openai-artificial-intelligence,200
https://www.latimes.com/spaces/build/diy/story/diy-hybrid-home-design-one-room,200
https://www.latimes.com/california/story/2025-09-29/newsom-signs-ai-transparency-bill,200
https://www.latimes.com/b2b/banking-finance/story/2025-09-23/blue-pacific-flavors-acquired-by-capol,200
https://www.latimes.com/entertainment-arts/awards/story/2023-12-21/greta-lee-past-lives-francine-jamison-tanchuck-the-color-purple,200
https://www.latimes.com/entertainment-arts/music/story/2025-10-06/taylor-swift-last-album-fate-of-ophelia,200
https://www.latimes.com/people/bill-addison.rss,200
