URL,Size(Bytes),Outlinks,Content-Type
https://www.latimes.com/,1048576,489,text/html
https://www.latimes.com/people/anita-chabria,400156,235,text/html
https://www.latimes.com/sports/usc,494904,258,text/html
https://www.latimes.com/california/story/2025-10-02/ballots-mailed-on-election-day-may-not-be-counted-state-officials-warn,488767,272,text/html
https://www.latimes.com/weddings,595025,315,text/html
https://www.latimes.com/newsletters/opinion,410944,233,text/html
https://www.latimes.com/california/story/2025-10-07/a-huge-600-million-casino-bigger-than-many-vegas-rivals-coming-to-california-next-month,471697,270,text/html
https://www.latimes.com/games/jigsaw-puzzle,434941,232,text/html
https://www.latimes.com/games/putt-putt-problems,431653,233,text/html
https://www.latimes.com/people/jenn-harris,369482,234,text/html
https://www.latimes.com/world-nation,499211,268,text/html
https://www.latimes.com/sports/hockey,494552,259,text/html
https://www.latimes.com/espanol/,522403,191,text/html
https://www.latimes.com/topic/video-sports,427035,237,text/html
https://www.latimes.com/shortdocs,548090,289,text/html
https://www.latimes.com/people/bill-addison,376207,235,text/html
https://www.latimes.com/people/bill-plaschke,384634,234,text/html
https://www.latimes.com/newsletters/lakers,331772,220,text/html
https://www.latimes.com/podcasts/the-envelope-podcast,725147,360,text/html
https://www.latimes.com/topic/breaking-news,482605,259,text/html
https://www.latimes.com/spaces,565095,303,text/html
https://www.latimes.com/people/mark-z-barabak,408762,235,text/html
https://www.latimes.com/b2b/banking-finance,598341,307,text/html
https://www.latimes.com/people/laurie-ochoa,365174,234,text/html
https://www.latimes.com/opinion/story/2025-10-07/portland-battlefield-national-guard,481840,265,text/html
https://www.latimes.com/topic/artificial-intelligence,500645,264,text/html
https://www.latimes.com/travel/story/2023-10-19/los-angeles-neighborhood-city-guides,575586,309,text/html
https://www.latimes.com/newsletters/la-times-plants,367350,228,text/html
https://www.latimes.com/food/list/best-happy-hour-guide-los-angeles-new-and-affordable,637263,265,text/html
https://www.latimes.com/gift-subscription-terms,383705,220,text/html
https://enewspaper.latimes.com/,8531,0,text/html
https://www.latimes.com/science,557383,281,text/html
https://www.latimes.com/environment/story/2025-09-29/the-fastest-selling-cars-in-america-are-used-evs,415790,248,text/html
https://www.latimes.com/environment,862733,382,text/html
https://www.latimes.com/people/robert-lloyd,398650,234,text/html
https://www.latimes.com/topic/grammys,492799,258,text/html
https://www.latimes.com/studios,715797,393,text/html
https://www.latimes.com/california/newsletter/2025-10-06/fire-ravaged-california-towns-brink-of-extinction,442923,277,text/html
https://www.latimes.com/opinion/letters-to-the-editor,544496,251,text/html
https://www.latimes.com/travel/story/2025-09-26/la-wk-travel-same-destination-every-year,458592,247,text/html
https://www.latimes.com/california/story/2025-09-17/redistricting-prop-50-newsom-warren-schwarzenegger,470210,273,text/html
https://www.latimes.com/california/newsletter/2025-10-07/essential-california-elk-rancher-land-use-fight,444278,269,text/html
https://www.latimes.com/opinion/story/2025-10-07/congress-power-coequal-branches,493601,258,text/html
https://www.latimes.com/games/wordflower,436169,232,text/html
https://www.latimes.com/food/story/2025-09-26/bub-grandmas-pizzeria-highland-park-kali-steakhouse-pinos-sandwiches-los-feliz,493371,275,text/html
https://www.latimes.com/delos/list/xolo-mariduena-favorite-latino-owned-businesses-mi-los-angeles-cobra-kai,541446,254,text/html
https://www.latimes.com/00000199-bb43-de30-afbd-bfe3a4a70000-123,340788,223,text/html
https://www.latimes.com/archives/sign-up-to-receive-this-evenings-big-stories-in-your-inbox,315393,214,text/html
https://www.latimes.com/food/story/2025-10-06/jade-rabbit-panda-express-chinese-american-restaurant-santa-monica,489746,271,text/html
https://www.latimes.com/sports/dodgers,513720,253,text/html
https://www.latimes.com/food/list/food-fundraisers-support-los-angeles-wildfire-relief-february-march-2025,650546,271,text/html
https://www.latimes.com/about/how-to-obtain-rights-permissions,377293,221,text/html
https://www.latimes.com/lifestyle/image/story/2022-09-13/coveted,533966,300,text/html
https://www.latimes.com/business/story/2025-10-07/new-import-tariff-rule-delivers-shock-to-consumers,477128,270,text/html
https://www.latimes.com/archives/topics,380782,269,text/html
https://www.latimes.com/topic/la-times-today,449034,242,text/html
https://www.latimes.com/people/the-times-editorial-board,408297,234,text/html
https://www.latimes.com/projects/community-civic-engagement-government-participation/,59805,27,text/html
https://www.latimes.com/newsletters/times-of-troy,374231,234,text/html
https://www.latimes.com/california/story/2025-10-07/tom-girardi-son-in-law-receives-prison-sentence-for-role-in-legal-fraud-scandal,477249,271,text/html
https://www.latimes.com/california/story/2025-10-07/victim-pulled-over-to-check-on-a-flat-tire-thats-when-three-masked-men-robbed,454068,265,text/html
https://www.latimes.com/companion-animals,507727,279,text/html
https://www.latimes.com/video,896538,428,text/html
https://www.latimes.com/about/for-the-record/,391568,232,text/html
https://www.latimes.com/california/story/2025-09-30/voters-mailed-inaccurate-congressional-boundaries-november-special-election-newsom,483579,277,text/html
https://www.latimes.com/index.rss,60824,0,application/xml
https://www.latimes.com/california/story/2025-10-01/2025-november-special-election-redistricting-california-voter-guide-ballot,517029,272,text/html
https://www.latimes.com/california/photography,822521,369,text/html
https://www.latimes.com/business/autos,485650,255,text/html
https://peopleonthemove.latimes.com/,219238,34,text/html
https://www.latimes.com/newsletters/sign-up-for-our-prep-rally-newsletter,368924,234,text/html
https://www.latimes.com/newsletters/sign-up-for-l-a-on-the-record,376132,234,text/html
https://www.latimes.com/people/gustavo-arellano,403570,239,text/html
https://www.latimes.com/sports,741675,336,text/html
https://www.latimes.com/b2b/ai-technology,763473,370,text/html
https://www.latimes.com/food/list/best-restaurants-california-guide,1048576,359,text/html
https://www.latimes.com/b2b/consumer-goods-retail,713618,350,text/html
https://www.latimes.com/california/story/2025-10-07/trash-fees-will-spike-for-l-a-residents-as-city-council-confronts-fiscal-crisis,482084,279,text/html
https://www.latimes.com/games/downwords,431514,233,text/html
https://www.latimes.com/california/story/2025-10-06/south-lake-tahoe-mayor-confesses-to-stealing-from-church-attempting-suicide-in-statement-to-local-paper,469290,266,text/html
https://www.latimes.com/veterinarians,494305,273,text/html
https://www.latimes.com/favicon-32x32.png,483,0,image/png
https://www.latimes.com/topic/culture-voices,491616,243,text/html
https://www.latimes.com/california/story/2025-10-01/where-to-vote-in-californias-2025-special-election-ballot-boxes-guide-redistricting,499925,278,text/html
https://www.latimes.com/topic/entertainment-voices,506593,243,text/html
https://www.latimes.com/wildfire-recovery,625137,295,text/html
https://www.latimes.com/entertainment-arts,733623,340,text/html
https://www.latimes.com/business/real-estate,508996,267,text/html
https://www.latimes.com/delos,555195,271,text/html
https://www.latimes.com/california/story/2025-10-07/la-county-sex-abuse-settlement-investigation,471769,268,text/html
https://www.latimes.com/newsletters/essential-arts,372735,233,text/html
https://www.latimes.com/00000192-788e-ddaa-a39a-7abfc6b30000-123,560110,302,text/html
https://classifieds.latimes.com/,269553,79,text/html
https://www.latimes.com/california/story/2025-10-06/burbank-airport-air-traffic-control-tower-temporarily-unmanned-amid-government-shutdown,481580,277,text/html
https://jobs.latimes.com/,119879,59,text/html
https://www.latimes.com/sports/hockey/kings,497050,258,text/html
https://www.latimes.com/kiosco-digital,227896,93,text/html
https://www.latimes.com/people/mark-swed,400402,234,text/html
https://www.latimes.com/lifestyle/list/los-angeles-best-queer-shops-pride,663394,272,text/html
https://www.latimes.com/topic/education,483720,258,text/html
https://www.latimes.com/california/story/2025-10-06/air-ambulance-helicopter-crashes-on-50-freeway-in-sacramento-3-in-critical-condition,459582,266,text/html
https://www.latimes.com/sports/hockey/ducks,497881,258,text/html
https://www.latimes.com/b2b/commercial-real-estate,560164,290,text/html
https://www.latimes.com/entertainment-arts/awards,591362,296,text/html
https://www.latimes.com/environment/story/2025-10-07/californias-jet-propulsion-laboratory-braces-for-layoffs-as-federal-budget-battle-drags-on,427641,251,text/html
https://www.latimes.com/topic/ukraine,479405,258,text/html
https://www.latimes.com/california/story/2025-10-01/2025-california-election-proposition-50-redistricting-voter-guide,523966,276,text/html
https://www.latimes.com/privacy-policy,427676,219,text/html
https://www.latimes.com/people/dylan-hernandez,379318,234,text/html
https://www.latimes.com/entertainment-arts/music,487567,259,text/html
https://www.latimes.com/sports/angels,501140,258,text/html
https://www.latimes.com/topic/immigration,519099,264,text/html
https://www.latimes.com/socal/daily-pilot/newsletters/timesoc-newsletter,233139,84,text/html
https://www.latimes.com/newsletters/entertainment,310967,213,text/html
https://marketplace.latimes.com/places/types:23,83450,146,text/html
https://www.latimes.com/environment/story/2024-09-09/our-climate-change-challenge-youth-future,616244,353,text/html
https://www.latimes.com/california/story/2025-10-07/usc-academic-senate,492343,275,text/html
https://www.latimes.com/games/mini-crossword,435200,233,text/html
https://www.latimes.com/giving,549740,301,text/html
https://www.latimes.com/california/story/2025-10-07/corona-video-thief-takes-13-foot-jack-skellington-halloween-decoration,459373,267,text/html
https://www.latimes.com/newsletters/the-wild,375377,235,text/html
https://www.latimes.com/sports/dodgers/story/2025-10-07/inside-mookie-betts-wheel-play-bunt-coverage-phillies,480279,256,text/html
https://www.latimes.com/topic/outdoors,482357,259,text/html
https://www.latimes.com/screenings,390077,221,text/html
https://www.latimes.com/about,377223,225,text/html
https://www.latimes.com/newsletters/essential-california,372443,233,text/html
https://www.latimes.com/lifestyle/image/story/2022-09-13/drip-index,572459,315,text/html
https://www.latimes.com/food/list/best-italian-sub-sandwiches-los-angeles-guide,812571,297,text/html
https://www.latimes.com/video/story/2023-04-19/very-important-questions,797262,419,text/html
https://www.latimes.com/lifestyle/image/story/2022-09-13/los-intelligentsia,641823,336,text/html
https://www.latimes.com/topic/israel-hamas,480134,258,text/html
https://www.latimes.com/sports/soccer/galaxy,498909,258,text/html
https://store.latimes.com/?utm_source=latimes&utm_medium=homepage&utm_campaign=homepage_nav,977369,231,text/html
https://www.latimes.com/podcasts,481405,260,text/html
https://www.latimes.com/topic/video-food,428799,237,text/html
https://www.latimes.com/b2b/law-legal,580613,298,text/html
https://www.latimes.com/entertainment-arts/business,489113,259,text/html
https://www.latimes.com/topic/california-drought,486631,258,text/html
https://www.latimes.com/newsletters/sports-report,370442,233,text/html
https://www.latimes.com/people/sammy-roth,408494,237,text/html
https://www.latimes.com/entertainment-arts/story/2025-10-07/trump-diddy-pardon-sean-combs-prostitution-case,468436,273,text/html
https://www.latimes.com/california/story/2025-09-26/proposition-50-money-redistricting-newsom,480504,275,text/html
https://www.latimes.com/higher-education,462385,252,text/html
https://www.latimes.com/sports/sparks,487747,258,text/html
https://www.latimes.com/topic/emmys,510312,262,text/html
https://www.latimes.com/environment/story/colorado-river-in-crisis,543780,288,text/html
https://www.latimes.com/sports/lakers,500224,258,text/html
https://www.latimes.com/lifestyle/story/2025-10-03/la-affairs-robert-masello-i-am-giving-up-on-dating-and-sex-in-los-angeles,473446,263,text/html
https://membership.latimes.com/subscription-info,44300,14,text/html
https://www.latimes.com/apple-touch-icon.png,3497,0,image/png
https://www.latimes.com/travel/list/riverside-things-to-do-restaurants,926545,314,text/html
https://www.latimes.com/topic/home-design,477551,249,text/html
https://www.latimes.com/travel/list/koreatown-los-angeles-guide-things-to-do,813803,319,text/html
https://www.latimes.com/newsletters/sign-up-for-totally-worth-it-and-be-your-moneys-boss,369279,233,text/html
https://www.latimes.com/sports/soccer,494863,257,text/html
https://www.latimes.com/b2b/entertainment,520635,274,text/html
https://www.latimes.com/travel/list/sacramento-travel-guide-things-to-do,604160,253,text/html
https://www.latimes.com/subscriber-terms-and-conditions,387875,220,text/html
https://www.latimes.com/california/story/2025-10-07/what-could-trigger-a-massive-quake-on-californias-san-andreas-fault,501729,280,text/html
https://www.latimes.com/opinion/story/2025-10-03/chuck-schumer-hakeem-jeffries-democrats-maga-trump,473803,257,text/html
https://www.latimes.com/tips/,9557,32,text/html
https://www.latimes.com/oe-howtosubmitoped-story.html,445445,251,text/html
https://www.latimes.com/people/bill-shaikin,397716,234,text/html
https://www.latimes.com/opinion/story/2024-09-10/los-angeles-times-elections-endorsements-2024-november,478691,284,text/html
https://www.latimes.com/topic/news-commentary,496595,243,text/html
https://www.latimes.com/about/marketing/los-angeles-times-for-students-and-educators,326243,219,text/html
https://www.latimes.com/people/patt-morrison,398977,235,text/html
https://www.latimes.com/entertainment-arts/tv,502263,260,text/html
https://www.latimes.com/lifestyle/image/story/2022-09-13/styling-myself,485407,278,text/html
https://www.latimes.com/california/orange-county,486432,273,text/html
https://www.latimes.com/people/charles-mcnulty,404469,234,text/html
https://www.latimes.com/newsletters/sign-up-for-wide-shot,371075,238,text/html
https://www.latimes.com/sports/highschool,495444,271,text/html
https://www.latimes.com/b2b/autos,490357,262,text/html
https://mediakit.latimes.com/,78722,113,text/html
https://www.latimes.com/topic/california-law-politics,555452,272,text/html
https://www.latimes.com/topic/la-politics,499713,264,text/html
https://www.latimes.com/topic/wellness,518639,264,text/html
https://www.latimes.com/environment/story/2025-10-07/majestic-wild-horses-are-trampling-mono-lakes-otherworldly-landscape-the-feds-plan-to-round-them-up,535487,271,text/html
https://events.latimes.com/festivalofbooks/,169671,229,text/html
https://marketplace.latimes.com/,65371,134,text/html
https://www.latimes.com/newsletters/politics-newsletter,381643,231,text/html
https://www.latimes.com/sports/chargers,491545,258,text/html
https://www.latimes.com/about/public-affairs,395109,223,text/html
https://www.latimes.com/topic/global-warming,500992,258,text/html
https://membership.latimes.com/privacy-settings,44300,14,text/html
https://www.latimes.com/newsletters/boiling-point,369861,229,text/html
https://www.latimes.com/california/story/2025-10-07/immigration-sought-to-deport-88-year-old-but-he-already-died,480044,265,text/html
https://www.latimes.com/games/impossible-sudoku,435034,232,text/html
https://www.latimes.com/newsletters/sign-up-for-screen-gab-a-newsletter-about-the-tv-and-movies-everyones-talking-about,376522,234,text/html
https://www.latimes.com/opinion,685063,284,text/html
https://www.latimes.com/sports/clippers,492531,258,text/html
https://www.latimes.com/california/story/2025-10-07/federal-agents-held-shackled-a-seriously-injured-man-hospital-bed-37-days,474766,267,text/html
https://www.latimes.com/eta,692113,367,text/html
https://www.latimes.com/topic/editorials,555540,250,text/html
https://www.latimes.com/newsletters/the-envelope,372225,236,text/html
https://www.latimes.com/business/technology,482594,255,text/html
https://www.latimes.com/food/list/best-new-restaurants-bars-to-try-los-angeles-june-2025,769138,301,text/html
https://store.latimes.com/?utm_source=latimes&utm_medium=homepage&utm_campaign=homepage_subnav,977369,231,text/html
https://www.latimes.com/sports/ucla,490947,257,text/html
https://studios.latimes.com/,219899,82,text/html
https://www.latimes.com/food/story/2025-09-26/la-restaurants-north-americas-50-best-list-new,480527,270,text/html
https://www.latimes.com/entertainment-arts/tv/story/2025-10-07/taylor-swift-selena-gomez-wedding-engagement-jimmy-fallon,437883,263,text/html
https://www.latimes.com/seniorresources,862022,404,text/html
https://www.latimes.com/california,880113,407,text/html
https://www.latimes.com/food/story/2023-02-23/why-los-angeles-is-the-best-coffee-city-in-the-world,510839,277,text/html
https://www.latimes.com/doctors-scientists,587991,306,text/html
https://placeanad.latimes.com/publications/los-angeles-times/residential-real-estate-for-sale-sections/,138189,106,text/html
https://www.latimes.com/california/story/2025-10-07/lapd-crowd-control-weapons-challenge,454821,262,text/html
https://www.latimes.com/newsletters/ucla-unlocked,321202,214,text/html
https://www.latimes.com/newsletters/tasting-notes,371650,234,text/html
https://careers.latimes.com/,140898,64,text/html
https://www.latimes.com/topic/mexico-americas,484781,258,text/html
https://www.latimes.com/topic/food-voices,499259,243,text/html
https://www.latimes.com/topic/fires,854029,392,text/html
https://marketplace.latimes.com/places/categories:43,84598,146,text/html
https://www.latimes.com/subscriptions/digital-ptv9-c1.html?int_source=marketing_content&int_medium=FS&int_campaign=64PRTV924LP,56916,24,text/html
https://www.latimes.com/b2b,665672,342,text/html
https://www.latimes.com/california/story/2025-09-26/chabria-column-masked-federal-authorities,515382,283,text/html
https://www.latimes.com/california/story/2025-10-01/as-trees-get-chopped-down-in-altadena-residents-continue-to-raise-concerns-over-future,482336,268,text/html
https://www.latimes.com/obituaries,444007,242,text/html
https://www.latimes.com/food/list/best-places-to-eat-drink-palm-springs-coachella-yucca-valley-road-trip,969382,326,text/html
https://www.latimes.com/people/christopher-knight,408890,236,text/html
https://www.latimes.com/opinion/letters-to-the-editor/hear-me-out,704314,293,text/html
https://www.latimes.com/people/steve-lopez,410540,234,text/html
https://www.latimes.com/00000199-3f9d-d52a-a9fb-bfbd33160000-123,346977,226,text/html
https://www.latimes.com/environment/story/2023-09-26/times-launches-climate-california,401537,249,text/html
https://www.latimes.com/politics/newsletter/2025-10-02/chabria-column-trump-hegseth-vance-chaos,430669,265,text/html
https://www.latimes.com/california/story/2025-10-03/forecast-calls-for-cooler-windy-conditions-in-los-angeles-area,454497,263,text/html
https://www.latimes.com/b2b/orange-county,607125,308,text/html
https://www.latimes.com/people/glenn-whipp,369047,234,text/html
https://www.latimes.com/topic/earthquakes,480088,261,text/html
https://www.latimes.com/food/list/101-best-restaurants-los-angeles,1048576,303,text/html
https://www.latimes.com/food/list/best-bars-wine-coffee-cocktails-los-angeles,610844,269,text/html
https://enewspaper.latimes.com/desktop/latimes/default.aspx?pubid=50435180-e58e-48b5-8e0c-236bf740270e,37385,25,text/html
https://www.latimes.com/topic/animals-pets/,507639,265,text/html
https://placeanad.latimes.com/,195228,147,text/html
https://www.latimes.com/politics/story/2025-09-10/chabria-column-charlie-kirk-killing-political-violence,525380,284,text/html
https://www.latimes.com/topic/op-ed,567409,260,text/html
https://www.latimes.com/california/story/2025-09-22/please-jimmy-dont-back-down-making-fun-of-trump-is-your-patriotic-duty,514694,288,text/html
https://www.latimes.com/sports/soccer/angel-city-fc,497991,257,text/html
https://www.latimes.com/lifestyle/image,737621,349,text/html
https://membership.latimes.com/billing-info,44300,14,text/html
https://www.latimes.com/topic/mental-health,500754,258,text/html
https://www.latimes.com/voices,606133,265,text/html
https://www.latimes.com/food/recipes,470933,245,text/html
https://www.latimes.com/food,902391,401,text/html
https://www.latimes.com/projects/repowering-the-west/,107999,77,text/html
https://www.latimes.com/lifestyle/weekend,783129,369,text/html
https://www.latimes.com/california/story/2025-10-05/trumps-education-deal-is-worse-than-it-seems,514210,273,text/html
https://www.latimes.com/newsletters/indie-focus,370607,235,text/html
https://www.latimes.com/california/story/2025-10-07/la-me-chabria-column-trump-california-lawsuits-national-guard,514928,274,text/html
https://www.latimes.com/opinion/submit-letter-to-the-editor,437439,247,text/html
https://www.latimes.com/terms-of-service,406546,213,text/html
https://www.latimes.com/travel/story/2024-05-16/west-coast-101-best-experiences-things-to-do,453740,252,text/html
https://www.latimes.com/sports/olympics,499120,258,text/html
https://www.latimes.com/food/story/2025-10-07/darling-sean-brock-west-hollywood-restaurant-hi-fi-lounge-opening,473658,262,text/html
https://www.latimes.com/entertainment-arts/story/2025-10-07/barbie-ilona-maher-rugby-girls-sports-role-model,464288,268,text/html
https://www.latimes.com/about/pressreleases,491980,258,text/html
https://www.latimes.com/dentistry,506682,278,text/html
https://www.latimes.com/events-los-angeles-times,426000,239,text/html
https://store.latimes.com/,977369,230,text/html
https://membership.latimes.com/,44300,14,text/html
https://www.latimes.com/people/anita-chabria.rss,16348,0,application/xml
https://www.latimes.com/people/michael-hiltzik,414887,238,text/html
https://www.latimes.com/newsroom-directory,430403,538,text/html
https://www.latimes.com/lifestyle,697585,345,text/html
https://www.latimes.com/newsletters/cooking,372734,234,text/html
https://www.latimes.com/games/wordsearch,434742,232,text/html
https://www.latimes.com/games/sudoku,437672,233,text/html
https://www.latimes.com/newsletters/latinx-files,372616,238,text/html
https://www.latimes.com/california/story/2025-09-27/demonstrators-in-beach-communities-protest-trump-call-for-support-of-prop-50,461002,266,text/html
https://www.latimes.com/california/newsletter/2025-09-15/california-epstein-files-release-california,429053,267,text/html
https://www.latimes.com/people/george-skelton,407870,234,text/html
https://www.latimes.com/politics/story/2025-09-23/hes-back-former-gov-schwarzenegger-speaks-out-against-gerrymandering,486295,275,text/html
https://www.latimes.com/business,804964,367,text/html
https://www.latimes.com/about/audio-stories,368972,217,text/html
https://www.latimes.com/entertainment-arts/books,622591,296,text/html
https://www.latimes.com/environment/story/2025-09-22/la-wildfire-cleanup-historically-fast-safety-cost,712854,333,text/html
https://www.latimes.com/lifestyle/list/best-botanic-gardens-to-visit-los-angeles-orange-county-san-diego-santa-barbara-riverside-ventura,1048576,390,text/html
https://www.latimes.com/entertainment-arts/story/2025-10-07/jajas-african-hair-braiding-at-the-taper-is-a-workplace-comedy-that-packs-a-political-punch,474943,254,text/html
https://www.latimes.com/food/story/2025-06-12/california-dining-guides-san-diego-bay-area,458443,257,text/html
https://www.latimes.com/weddings/planning-ideas/advice/story/los-angeles-wedding-costs-logistics,444354,276,text/html
https://www.latimes.com/california/story/2025-09-17/chabria-column-gavin-newsom-mentorship-program,522534,279,text/html
https://www.latimes.com/favicon-16x16.png,245,0,image/png
https://www.latimes.com/sitemap,340541,699,text/html
https://www.latimes.com/weddings/styles/designers,460845,256,text/html
https://www.latimes.com/la-home-breaking-news-story.html,369667,236,text/html
https://www.latimes.com/entertainment-arts/movies/story/2025-09-24/one-battle-after-another-review-leonardo-di-caprio-benecio-del-toro-teyana-taylor-paul-thomas-anderson,496033,264,text/html
https://www.latimes.com/california/latino-life,785319,356,text/html
https://www.latimes.com/b2b/health-life-science,609741,308,text/html
https://www.latimes.com/topic/election-2024,514317,260,text/html
https://www.latimes.com/world-nation/story/2025-07-06/trump-and-gop-target-ballots-arriving-after-election-day-that-delay-counts-and-feed-conspiracy-fears,458688,258,text/html
https://www.latimes.com/lifestyle/image/story/2022-09-13/trend-analysis,665018,346,text/html
https://www.latimes.com/weddings/styles/designers/story/selkie-unveiled-heart-bridal-collection,437930,271,text/html
https://www.latimes.com/politics/story/2025-09-18/chabria-wake-up-los-angeles-we-are-all-jimmy-kimmel,505682,271,text/html
https://www.latimes.com/live-well,620493,313,text/html
https://www.latimes.com/sports/story/2025-10-04/mark-sanchez-stabbed-hospitalized-former-usc-quarterback-fox-sports,455415,257,text/html
https://www.latimes.com/weddings/styles/designers/story/betsey-johnson-christina-ricci-fall-2025-campaign,433091,268,text/html
https://www.latimes.com/fitness,575070,298,text/html
https://www.latimes.com/politics/story/2025-09-26/faster-more-frequent-transfers-of-immigrant-ice-detainees-sow-fear-and-cut-off-resources,588689,283,text/html
https://www.latimes.com/opinion/story/2025-10-07/trump-maga-i-told-you-so,498462,299,text/html
https://www.latimes.com/newsletters/dodgers-dugout,373557,234,text/html
https://www.latimes.com/people/mikael-wood,367831,234,text/html
https://www.latimes.com/weddings/locations/venues/story/pellican-hill-newport-beach-wedding-venue,458252,278,text/html
https://www.latimes.com/games/daily-crossword,435961,233,text/html
https://www.latimes.com/spaces/decor/trends/story/castlecore-retro-pop-home-decor,461805,289,text/html
https://www.latimes.com/sports/usc/story/2025-09-17/danton-lynn-ucla-usc,423780,252,text/html
https://www.latimes.com/topic/plants,559320,277,text/html
https://www.latimes.com/00000199-8775-de30-afbd-9ff7b1130000-123,345639,225,text/html
https://www.latimes.com/weddings/vendors/story/socal-latino-wedding-vendors-guide,543197,315,text/html
https://www.latimes.com/espanol/eeuu/articulo/2025-10-06/youtube-paga-24-5-millones-para-zanjar-demanda-por-suspender-cuenta-de-trump,288841,106,text/html
https://www.latimes.com/weddings/styles/designers/story/bridal-designer-andrew-kwon-interview,480369,280,text/html
https://www.latimes.com/world-nation/story/2025-10-07/mourners-remember-latter-day-saints-president-as-a-healer-of-hearts-during-salt-lake-city-funeral,452550,260,text/html
https://www.latimes.com/topic/sunday-funday,423170,234,text/html
https://www.latimes.com/world-nation/story/2025-10-07/nobel-prize-in-physics-goes-to-3-scientists-whose-work-advanced-quantum-technology,464387,258,text/html
https://www.latimes.com/weddings/planning-ideas,540452,292,text/html
https://www.latimes.com/espanol/internacional/articulo/2025-10-03/estampida-en-mitin-politico-del-popular-actor-vijay-deja-40-muertos-en-la-india,297139,108,text/html
https://www.latimes.com/weddings.rss,15864,0,application/xml
https://www.latimes.com/sports/usc/story/2025-09-19/usc-vs-michigan-state-what-to-watch,450391,256,text/html
https://www.latimes.com/games,441034,232,text/html
https://www.latimes.com/sports/usc/newsletter/2025-09-22/usc-football,419412,241,text/html
https://www.latimes.com/weddings/planning-ideas/real-weddings/story/la-jeweler-wedding-insider-vendor-picks,444281,275,text/html
https://www.latimes.com/espanol/eeuu/articulo/2025-10-06/trump-dice-que-ha-asegurado-17-billones-en-inversiones-la-cifra-real-es-probablemente-mucho-menor,306496,108,text/html
https://www.latimes.com/weddings/vendors/story/national-wedding-industry-appreciation-day,499411,279,text/html
https://www.latimes.com/politics/story/2025-10-07/supreme-court-free-speech-conversion-therapy-for-minors,487457,270,text/html
https://www.latimes.com/food/food-maps,548207,270,text/html
https://www.latimes.com/world-nation/story/2025-10-06/ukraine-claims-it-struck-russian-ammo-plant-oil-terminal-and-weapons-depot,454293,258,text/html
https://www.latimes.com/weddings/styles,517234,281,text/html
https://www.latimes.com/espanol/vida-y-estilo,370052,133,text/html
https://www.latimes.com/weddings/planning-ideas/advice/story/wedding-traditions-to-keep-or-skip,435362,266,text/html
https://www.latimes.com/sports/usc/story/2025-09-28/usc-basketball-star-juju-watkins-announces-she-wont-play-this-season,417384,250,text/html
https://www.latimes.com/california/story/2025-10-07/southern-california-man-among-gaza-flotilla-activists-held-in-israeli-prison,476102,269,text/html
https://www.latimes.com/sports/usc/story/2025-09-23/usc-football-jakobi-lane-elijah-paige,428774,250,text/html
https://www.latimes.com/weddings/planning-ideas/prep/story/ai-wedding-planner-davids-bridal,447930,278,text/html
https://www.latimes.com/espanol/eeuu/articulo/2025-10-06/fda-aprueba-nueva-pildora-abortiva-generica-desatando-las-criticas-de-los-conservadores,304483,114,text/html
https://www.latimes.com/weddings/vendors,434149,245,text/html
https://www.latimes.com/world-nation/story/2025-10-07/trump-administration-threatens-no-back-pay-for-federal-workers-in-shutdown,454413,263,text/html
https://www.latimes.com/topic/trump-administration,462651,250,text/html
https://www.latimes.com/world-nation/story/2025-10-07/a-newly-elected-mayor-in-germany-is-found-with-serious-stab-wounds,445204,258,text/html
https://www.latimes.com/deals/story/kitchenaid-promo-code,485488,287,text/html
https://www.latimes.com/espanol/mexico/articulo/2025-10-04/detienen-en-mexico-a-supuesto-lider-local-de-la-banda-criminal-transnacional-el-tren-de-aragua,283928,109,text/html
https://www.latimes.com/weddings/press-releases,334656,225,text/html
https://www.latimes.com/sports/usc/live/usc-football-vs-illinois-live-updates-how-to-watch-and-start-time,791433,250,text/html
https://www.latimes.com/brandpublishing/hotproperty,569368,292,text/html
https://www.latimes.com/sports/usc/story/2025-09-21/usc-football-vs-michigan-state-recap,458344,248,text/html
https://www.latimes.com/weddings/planning-ideas/prep/story/bridal-boudoir-photography-wedding-trend,451610,274,text/html
https://www.latimes.com/espanol/entretenimiento/articulo/2025-10-07/los-fabulosos-cadillacs-prometen-dos-noches-epicas-en-el-disney-concert-hall,301170,101,text/html
https://www.latimes.com/weddings/locations/venues/story/park-hyatt-kyoto-wedding-venue,450984,272,text/html
https://www.latimes.com/world-nation/story/2025-10-07/oversight-body-says-south-sudan-rivals-have-recruited-fighters-raising-war-fears,452534,258,text/html
https://www.latimes.com/newsletters/sign-up-for-you-do-adu,360343,233,text/html
https://www.latimes.com/world-nation/story/2021-01-15/he-did-the-right-thing-but-his-blackwater-guard-didnt-get-a-pardon,465848,266,text/html
https://www.latimes.com/weddings/locations/venues/story/fall-wedding-reception-tablescape-trends,453630,276,text/html
https://www.latimes.com/espanol/eeuu/articulo/2025-10-07/abogado-cuestiona-respuesta-de-universal-tras-muerte-en-montana-rusa,300985,109,text/html
https://www.latimes.com/opinion/letters-to-the-editor/story/2025-10-06/bad-bunny-the-beach-boys,454091,249,text/html
https://www.latimes.com/sports/soccer/lafc,503820,258,text/html
https://www.latimes.com/entertainment-arts/music/story/2025-10-07/dolly-parton-freida-sister-praying-health-issues,453247,265,text/html
https://www.latimes.com/sports/story/2025-10-07/mark-sanchez-stabbing-attack-truck-victim-recovery,473684,264,text/html
https://www.latimes.com/opinion/letters-to-the-editor/story/2025-10-07/possible-fraud-settlement-journalism,459423,247,text/html
https://www.latimes.com/espanol/vida-y-estilo/articulo/2025-09-09/influencer-que-volo-a-antartica-dona-30-000-dolares-a-fundacion-y-debe-dejar-chile-en-proximos-dias,289834,110,text/html
https://www.latimes.com/weddings/planning-ideas/advice/story/how-to-keep-your-wedding-dance-floor-packed,444205,270,text/html
https://www.latimes.com/world-nation/story/2025-10-05/newsom-trump-national-guard-oregon,478892,275,text/html
https://www.latimes.com/california/story/2025-10-01/2025-california-special-election-how-to-vote-november-redistricting,504220,280,text/html
https://www.latimes.com/world-nation/story/2025-10-05/at-least-5-people-were-killed-in-a-large-scale-russian-attack-on-ukraine,454947,258,text/html
https://www.latimes.com/weddings/share-your-wedding-with-the-world,368449,229,text/html
https://www.latimes.com/espanol/eeuu/articulo/2025-10-07/conductor-de-camion-demanda-a-mark-sanchez-y-fox-tras-violenta-pelea,318592,117,text/html
https://www.latimes.com/opinion/letters-to-the-editor/story/2025-10-07/tax-cuts-national-debt,457191,251,text/html
https://www.latimes.com/sports/ucla/story/2025-10-07/ucla-football-tim-skipper-michigan-state,458683,257,text/html
https://www.latimes.com/politics,618667,299,text/html
https://www.latimes.com/sports/usc.rss,9575,0,application/xml
https://www.latimes.com/opinion/story/2025-10-07/tilly-norwood-ai-actor-daniel-day-lewis,461693,247,text/html
https://www.latimes.com/espanol/california/articulo/2025-09-23/maestros-demandan-por-medidas-migratorias-de-trump-dicen-que-estudiantes-no-asisten-a-clases,305038,114,text/html
https://www.latimes.com/weddings/planning-ideas/real-weddings/story/montenegro-destination-wedding-herceg-novi,480804,291,text/html
https://www.latimes.com/world-nation/story/2025-10-07/yemens-houthi-rebels-detain-9-more-un-staff-as-part-of-a-crackdown,440764,258,text/html
https://www.latimes.com/games/swap,431296,233,text/html
https://www.latimes.com/world-nation/story/2023-06-19/titanic-missing-submarine-tourist-tour-north-atlantic-wreck,483781,283,text/html
https://www.latimes.com/weddings/styles/designers/story/andrew-kwon-spring-2026-runway-show-new-york-city,462586,282,text/html
https://www.latimes.com/espanol/eeuu/articulo/2025-09-29/ninos-inmigrantes-en-eeuu-dejan-de-ir-a-la-escuela-por-temor-a-ice,313648,113,text/html
https://www.latimes.com/opinion/letters-to-the-editor/story/2025-10-07/construction-workers-wage-proposal,448561,247,text/html
https://www.latimes.com/sports/dodgers/story/2025-10-06/dodgers-phillies-nlds-world-series-path-mlb-postseason,483500,261,text/html
https://www.latimes.com/topic/arts,544816,268,text/html
https://www.latimes.com/sports/dodgers/story/2025-10-07/dodgers-roki-sasaki-closer-limited-use,469634,247,text/html
https://www.latimes.com/opinion/letters-to-the-editor/story/2025-10-07/chevron-refinery-explosion-el-segundo,459545,251,text/html
https://www.latimes.com/espanol/eeuu/articulo/2025-09-24/encuesta-madres-de-bajos-recursos-obligadas-a-elegir-entre-su-trabajo-y-la-educacion-de-sus-hijos,306816,115,text/html
https://www.latimes.com/weddings/locations/venues/story/hotel-follonico-tuscany-wedding-venue,448788,270,text/html
https://www.latimes.com/politics/story/2025-10-06/trump-aides-stephen-miller-russell-vought-portland-chicago-shutdown,497598,278,text/html
https://www.latimes.com/people/doyle-mcmanus,402727,234,text/html
https://www.latimes.com/weddings/styles/designers/story/atelier-pronovias-ballet-inspired-2026-bridal-collection,439645,268,text/html
https://www.latimes.com/espanol/internacional/articulo/2025-10-05/cientos-de-miles-marchan-por-toda-europa-en-apoyo-a-los-palestinos,286278,102,text/html
https://www.latimes.com/newsletters/opinion.rss,545,0,application/xml
https://www.latimes.com/sports/usc/story/2025-09-26/usc-football-vs-illinois-what-to-watch-for,432535,241,text/html
https://www.latimes.com/topic/behold,488625,255,text/html
https://www.latimes.com/00000199-6378-d552-a9ff-677db2120000-123,345735,225,text/html
https://www.latimes.com/opinion/letters-to-the-editor/story/2025-10-07/discourse-political-divides-relationships,455602,247,text/html
https://www.latimes.com/espanol/sitemap,197796,130,text/html
https://www.latimes.com/weddings/planning-ideas/inspiration/story/experiential-wedding-ideas,438179,276,text/html
https://www.latimes.com/california/story/2025-10-06/cdc-covid-chickenpox-vaccine-recommendations-change,471636,270,text/html
https://www.latimes.com/nation/nationnow/la-na-nn-marlboro-men-20140127-story.html,433570,264,text/html
https://www.latimes.com/weddings/planning-ideas/real-weddings,416590,238,text/html
https://www.latimes.com/espanol/california/articulo/2025-10-05/film-director-brazil-detained-by-ice-green-card-interview,345921,128,text/html
https://www.latimes.com/california/story/2025-09-22/californias-tribes-once-again-get-lawmakers-to-attack-a-gambling-competitor,456170,267,text/html
https://www.latimes.com/sports/usc/story/2025-10-06/mark-sanchez-felony-charge-severe-injuries-69-year-old-man-truck-driver-stabbing,442127,257,text/html
https://www.latimes.com/california/story/2025-10-07/newson-signs-bill-to-combat-antisemitism-in-california-schools,491619,280,text/html
https://www.latimes.com/sports/usc/newsletter/2025-10-06/usc-football-money,417292,238,text/html
https://www.latimes.com/environment/story/2024-07-23/the-fight-over-a-mega-casino-sparks-a-debate-about-tribal-sovereignty,488994,258,text/html
https://www.latimes.com/espanol/entretenimiento/articulo/2025-10-06/bad-bunny-imita-a-el-chavo-del-8-en-saturday-night-life-y-responde-a-sus-detractores-del-super-bowl,317954,102,text/html
https://www.latimes.com/weddings/planning-ideas/inspiration,509416,276,text/html
https://www.latimes.com/world-nation/story/2025-10-07/pro-palestinian-protests-on-the-2-year-anniversary-of-hamas-attack-on-israel,448765,258,text/html
https://www.latimes.com/specialsupplements,651546,322,text/html
https://www.latimes.com/world-nation/story/2025-10-05/mercenaries-arab-world-ukraine,477182,267,text/html
https://www.latimes.com/weddings/planning-ideas/inspiration/story/alcohol-wedding-needs,451743,275,text/html
https://www.latimes.com/espanol/vida-y-estilo/articulo/2025-09-09/el-principe-enrique-visita-la-tumba-de-la-reina-en-su-viaje-a-reino-unido,285221,102,text/html
https://www.latimes.com/california/story/2025-09-16/primm-affordable-casino-mecca-for-la-on-slow-decline,532942,287,text/html
https://www.latimes.com/sports/usc/story/2025-10-02/where-does-usc-go-from-here-with-its-struggling-secondary,435437,251,text/html
https://www.latimes.com/topic/things-to-do,483291,258,text/html
https://www.latimes.com/sports/usc/live/usc-football-michigan-state-live-updates-watch-start-time-score-highlights,756531,242,text/html
https://www.latimes.com/california/story/2024-05-16/las-vegas-mirage-resort-to-fade-away-after-34-year-run,463041,275,text/html
https://www.latimes.com/espanol/mexico/articulo/2025-10-03/fans-mexicanos-celebran-el-lanzamiento-de-the-life-of-a-showgirl-de-taylor-swift,322047,108,text/html
https://www.latimes.com/weddings/planning-ideas/advice/story/ashley-alexiss-helloprenup-prenuptial-agreement,443346,267,text/html
https://www.latimes.com/world-nation/story/2025-10-02/teens-claim-he-was-nabbed-shot-by-hispanic-men-sparked-outrage-it-was-a-hoax-police-say,452876,264,text/html
https://www.latimes.com/topic/oscars,490335,263,text/html
https://www.latimes.com/world-nation/story/2025-10-07/ukraines-donetsk-region-seen-as-russias-gateway-not-the-ultimate-prize-in-war,460439,258,text/html
https://www.latimes.com/weddings/planning-ideas/story/pop-culture-wedding-themes-trends,433562,269,text/html
https://www.latimes.com/espanol/internacional/articulo/2025-10-07/segundo-dia-de-conversaciones-de-paz-al-cumplirse-dos-anos-de-la-guerra-en-gaza,593126,181,text/html
https://www.latimes.com/environment/story/2025-01-12/biden-to-create-chuckwalla-national-monument-s,463490,263,text/html
https://www.latimes.com/sports/usc/newsletter/2025-09-29/usc-football,418707,243,text/html
https://www.latimes.com/app,375669,221,text/html
https://www.latimes.com/sports/dodgers/story/2025-10-06/dodgers-hall-of-fame-clayton-kershaw-greg-maddux,471645,261,text/html
https://www.latimes.com/people/suhauna-hussain,368156,234,text/html
https://www.latimes.com/espanol/opinion/articulo/2025-05-23/victima-de-trata-apoya-legislacion-que-prevendria-el-trabajo-forzoso-opinion,294573,108,text/html
https://www.latimes.com/weddings/styles/trends/story/plus-size-bridal-fashion-trends,481864,287,text/html
https://www.latimes.com/world-nation/story/2025-10-07/national-guard-members-from-texas-are-in-illinois-in-trumps-latest-move-to-send-troops-to-cities,457009,262,text/html
https://www.latimes.com/environment/climate-projects,429568,240,text/html
https://www.latimes.com/world-nation/story/2025-10-07/syrian-government-declares-ceasefire-after-clashes-with-kurdish-fighters,447671,258,text/html
https://www.latimes.com/weddings/locations/venues/story/hana-maui-resort-destination-wedding,450917,272,text/html
https://www.latimes.com/espanol/eeuu/articulo/2025-09-29/eeuu-fortalecera-operaciones-de-control-para-evitar-entrada-ilegal-de-armas-a-mexico-dice-sheinbaum,294646,111,text/html
https://www.latimes.com/games/jigsaw-puzzle.rss,475,0,application/xml
https://www.latimes.com/sports/usc/story/2025-09-24/lincoln-riley-is-deploying-two-tight-ends-powering-the-run-game,434628,248,text/html
https://www.latimes.com/world-nation/story/2025-10-07/oct-7-anniversary-story,483145,271,text/html
https://www.latimes.com/sports/usc/story/2025-10-05/mark-sanchez-accused-of-attacking-truck-driver-before-he-was-stabbed,432771,250,text/html
https://www.latimes.com/games/putt-putt-problems.rss,509,0,application/xml
https://www.latimes.com/espanol/entretenimiento,367774,129,text/html
https://www.latimes.com/weddings/planning-ideas/prep,405499,234,text/html
https://www.latimes.com/politics/story/2025-10-07/who-is-spending-money-on-prop-50-the-redistricting-measure-on-californias-november-ballot,503360,270,text/html
https://www.latimes.com/archives,378528,221,text/html
https://www.latimes.com/world-nation/story/2025-10-06/aclu-says-ice-is-unlawfully-punishing-immigrants-at-a-notorious-louisiana-detention-center,458732,263,text/html
https://www.latimes.com/weddings/planning-ideas/real-weddings/story/palm-springs-korakia-pensione-wedding,456242,278,text/html
https://www.latimes.com/espanol/internacional/articulo/2025-10-07/miles-se-manifiestan-a-favor-de-los-palestinos-en-el-2do-aniversario-del-ataque-de-hamas-a-israel,591448,181,text/html
https://www.latimes.com/people/jenn-harris.rss,14270,0,application/xml
https://www.latimes.com/sports/usc/story/2025-09-27/usc-vs-illinois-game-recap,443933,247,text/html
https://www.latimes.com/sports/rams,492404,258,text/html
https://www.latimes.com/people/dakota-smith,369174,234,text/html
https://www.latimes.com/food/list/best-restaurants-san-fernando-valley-dining-guide,1048576,326,text/html
https://www.latimes.com/espanol/entretenimiento/articulo/2025-10-07/the-life-of-a-showgirl-de-taylor-swift-rompe-record-de-ventas-en-eeuu-en-su-primer-dia,283734,107,text/html
https://www.latimes.com/deals/story/target-promo-code,474059,285,text/html
https://www.latimes.com/world-nation/story/2025-10-07/thousands-in-gaza-are-missing-2-years-into-the-war-tormented-families-search-for-clues,460628,259,text/html
https://www.latimes.com/travel,659490,325,text/html
https://www.latimes.com/sports/hockey/ducks/story/2025-10-02/ducks-sign-defenseman-jackson-lacombe-contract-extension,409444,245,text/html
https://www.latimes.com/weddings/styles/designers/story/hayley-paige-interview,452325,274,text/html
https://www.latimes.com/espanol/opinion/articulo/2025-06-01/oppenheimer-el-regimen-de-maduro-es-un-barco-que-se-hunde-dice-machado,281386,101,text/html
https://www.latimes.com/00000199-25da-d997-a599-ffdb505e0000-123,343899,225,text/html
https://www.latimes.com/people/melody-gutierrez,367626,234,text/html
https://www.latimes.com/topic/la-affairs,469316,250,text/html
https://www.latimes.com/california.rss,43673,0,application/xml
https://www.latimes.com/food/story/2025-09-08/orange-county-61-hundred-bread-sourdough-three-michelin-star,473993,269,text/html
https://www.latimes.com/espanol/deportes/articulo/2025-10-07/lebron-james-anuncia-la-decision-de-todas-las-decisiones-era-un-anuncio,316659,116,text/html
https://www.latimes.com/weddings/planning-ideas/advice/story/weddings-autumn-wedding-pros-cons,449808,283,text/html
https://www.latimes.com/sports/hockey/story/2025-06-06/oilers-panthers-double-overtime-game-2,413879,251,text/html
https://www.latimes.com/topic/jobs-labor,484641,258,text/html
https://www.latimes.com/sports/hockey/ducks/story/2025-09-27/mason-mctavish-ducks-contract,414107,247,text/html
https://www.latimes.com/espanol/california,371050,125,text/html
https://www.latimes.com/weddings/styles/trends,435499,246,text/html
https://www.latimes.com/food/story/2025-09-15/yanji-cold-noodles-naengmyeon-bistro-na-san-gabriel-valley,461370,264,text/html
https://www.latimes.com/california/story/2025-10-07/newsom-law-enforcement-personnel-records-bill,463579,271,text/html
https://membership.latimes.com/newsletters,44300,14,text/html
https://www.latimes.com/entertainment-arts/story/2025-10-07/jajas-african-hair-braiding-cast-mark-taper-forum-humor-politics,503287,264,text/html
https://www.latimes.com/food/story/2025-09-22/diner-crawl-nancy-silverton-phil-rosenthal-max-and-helens,544136,269,text/html
https://www.latimes.com/weddings/locations/venues,493888,270,text/html
https://www.latimes.com/espanol/eeuu/articulo/2025-10-07/openai-ahora-vale-500-000-millones-y-posiblemente-es-la-startup-mas-valiosa-del-mundo,299859,110,text/html
https://www.latimes.com/sports/hockey.rss,11067,0,application/xml
https://www.latimes.com/food/list/los-angeles-hall-of-fame-restaurants-modern-classics,1048576,327,text/html
https://www.latimes.com/sports/hockey/story/2025-06-09/stanley-cup-final-game-3-panthers-oilers,415970,251,text/html
https://www.latimes.com/espanol/internacional/articulo/2025-10-06/corte-militar-del-congo-condena-a-muerte-al-expresidente-kabila-por-traicion,298026,109,text/html
https://www.latimes.com/weddings/planning-ideas/inspiration/story/taylor-swift-travis-kelce-wedding-trends,451867,292,text/html
https://www.latimes.com/food/newsletter/2025-08-17/what-can-i-bring-party-recipes,416429,249,text/html
https://www.latimes.com/topic/redistricting-california,504400,259,text/html
https://www.latimes.com/travel/story/2025-10-03/sunday-funday-jenny-lewis-things-to-do-los-angeles,448081,261,text/html
https://www.latimes.com/food/list/best-bars-coffee-shops-matcha-tea-wine-cocktails-san-fernando-valley,957426,328,text/html
https://www.latimes.com/weddings/styles/designers/story/albright-houghton-beverly-hills-bridal,456154,272,text/html
https://www.latimes.com/espanol/mexico/articulo/2025-10-06/cientos-de-migrantes-salen-del-sur-de-mexico-cansados-de-esperar-para-legalizar-su-situacion,304919,114,text/html
https://www.latimes.com/sports/hockey/story/2025-06-14/stanley-cup-final-game-5-panthers-oilers,422025,253,text/html
https://www.latimes.com/entertainment-arts/movies,524900,259,text/html
https://www.latimes.com/sports/hockey/story/2025-09-05/ken-dryden-montreal-canadiens-goaltender-dies-obit,414354,247,text/html
https://www.latimes.com/espanol/mexico,371908,124,text/html
https://www.latimes.com/weddings/styles/designers/story/selkie-unveiled-heart-collection-2025,442029,270,text/html
https://www.latimes.com/food/story/2025-08-28/nobu-los-angeles-restaurant-review,501326,263,text/html
https://www.latimes.com/homeless-housing,537851,275,text/html
https://www.latimes.com/business/story/2025-10-05/will-cancelling-a-card-hurt-my-credit-score,447233,255,text/html
https://www.latimes.com/la-influential,462341,247,text/html
https://www.latimes.com/politics/story/2025-10-05/supreme-courts-major-cases-to-be-argued-in-the-fall,479339,274,text/html
https://www.latimes.com/spaces/decor/trends,401153,231,text/html
https://www.latimes.com/espanol/entretenimiento/articulo/2025-10-07/festival-de-cine-de-morelia-tendra-una-edicion-con-grandes-protagonistas-femeninas,301138,110,text/html
https://www.latimes.com/sports/hockey/kings/story/2025-07-01/nhl-free-agency-kings-lose-vladislav-gavrikov-to-rangers,415723,247,text/html
https://www.latimes.com/california/story/2021-06-18/unshaken-the-complete-l-a-times-newsletter-guide-to-earthquake-readiness-and-resilience,449749,264,text/html
https://www.latimes.com/sports/hockey/story/2025-06-17/florida-panthers-win-2025-stanley-cup-title,427179,248,text/html
https://www.latimes.com/espanol/mexico/articulo/2025-09-24/ap-explica-cuanto-afecta-a-la-armada-mexicana-el-escandalo-por-el-contrabando-de-combustible,296906,110,text/html
https://www.latimes.com/weddings/styles/designers/story/grace-loves-lace-golden-girl-collection-2025,441255,269,text/html
https://www.latimes.com/world-nation/story/2025-10-06/doj-contradicts-desantis-some-detainees-at-alligator-alcatraz-likely-never-in-removal-proceedings,456623,264,text/html
https://digitalagency.latimes.com/,88239,69,text/html
https://www.latimes.com/world-nation/story/2025-10-07/a-judge-has-blocked-a-trump-administration-effort-to-change-teen-pregnancy-prevention-programs,451365,264,text/html
https://www.latimes.com/topic/sports-voices,490932,243,text/html
https://www.latimes.com/world-nation/story/2025-10-05/mexican-presidents-popularity-endures-despite-rising-corruption-concerns,481559,269,text/html
https://www.latimes.com/weddings/styles/trends/story/old-mine-cut-diamond-explained,450241,269,text/html
https://www.latimes.com/espanol/deportes/articulo/2025-10-07/lo-que-se-debe-saber-de-las-eliminatorias-para-el-mundial-2026,296538,110,text/html
https://www.latimes.com/sports/hockey/story/2025-06-04/florida-vs-edmonton-game-1-of-stanley-cup-final,406307,248,text/html
https://www.latimes.com/california/story/2025-10-07/seal-beach-police-pio-sues-city-alleging-discrimination,477860,270,text/html
https://www.latimes.com/sports/hockey/kings/story/2025-08-02/la-kings-and-alex-laferriere-agree-to-three-year-deal,391260,242,text/html
https://www.latimes.com/espanol/eeuu/articulo/2025-10-04/juez-bloquea-politica-de-trump-para-detener-a-menores-migrantes-en-centros-para-adultos,294073,107,text/html
https://www.latimes.com/deals,429211,237,text/html
https://www.latimes.com/topic/middle-east,474964,258,text/html
https://www.latimes.com/topic/fashion,492042,258,text/html
https://www.latimes.com/espanol/deportes/articulo/2025-10-07/aficionados-de-nfl-reciben-disculpa-y-reembolso-parcial-de-ticketmaster,316022,115,text/html
https://www.latimes.com/entertainment-arts/books/story/2023-04-13/sign-up-for-los-angeles-times-book-club,800177,482,text/html
https://www.latimes.com/world-nation/story/2025-10-07/at-the-center-of-shutdown-fight-health-care-is-one-of-the-most-intractable-issues-in-congress,469554,263,text/html
https://www.latimes.com/weddings/planning-ideas/real-weddings/story/palm-springs-love-story-hinge-wedding,454835,275,text/html
https://www.latimes.com/espanol/eeuu,370439,124,text/html
https://www.latimes.com/sports/hockey/ducks/story/2025-06-12/chris-kreider-rangers-trade-ducks,408263,248,text/html
https://www.latimes.com/california/story/2025-09-27/no-smoking-gun-report-on-altadena-cites-failures-but-did-not-name-names,487618,275,text/html
https://www.latimes.com/sports/hockey/kings/story/2025-09-18/kings-captain-anze-kopitar-retirement-after-season,421872,253,text/html
https://www.latimes.com/espanol/entretenimiento/articulo/2025-10-05/estas-fueron-las-canciones-mas-populares-de-la-semana,282544,106,text/html
https://www.latimes.com/weddings/planning-ideas/inspiration/story/wedding-reception-table-decor-ideas,455387,280,text/html
https://www.latimes.com/archives/la-xpm-1993-09-14-mn-34993-story.html,469109,256,text/html
https://www.latimes.com/00000188-e563-d369-afcc-ed63b20d0002-123,386262,234,text/html
https://www.latimes.com/espanol/eeuu/articulo/2025-10-06/chicago-e-illinois-demandan-para-detener-despliegue-de-guardia-nacional-por-trump,391492,134,text/html
https://www.latimes.com/0000017e-a2aa-d72e-a1ff-a3aec86d0000-123,388087,235,text/html
https://www.latimes.com/world-nation/story/2025-10-07/a-divided-israel-marks-2-years-since-oct-7-attack-as-war-in-gaza-grinds-on-and-hostages-languish,450864,257,text/html
https://www.latimes.com/weddings/planning-ideas/real-weddings/story/neurodivergent-friendly-wedding-mountain-mermaid,469999,279,text/html
https://www.latimes.com/espanol/eeuu/articulo/2025-10-06/afectara-el-cierre-gubernamental-de-eeuu-las-elecciones-de-2026-historia-reciente-ofrece-pistas,322463,115,text/html
https://www.latimes.com/sports/hockey/kings/story/2025-06-12/kings-anze-kopitar-wins-lady-byng,403299,246,text/html
https://www.latimes.com/food/list/where-to-get-affordable-lunch-deals-budget-meals-los-angeles,640002,268,text/html
https://www.latimes.com/sports/hockey/kings/story/2025-05-15/ken-holland-says-hell-keep-jim-hiller-as-kings-coach,427113,251,text/html
https://www.latimes.com/espanol/deportes/articulo/2025-10-07/novato-de-cerveceros-misiorowski-lanza-a-104-3-mph-en-tres-entradas-sin-permitir-carreras,282724,102,text/html
https://www.latimes.com/weddings/planning-ideas/real-weddings/story/tahiti-destination-wedding-motu-tiahura,477742,283,text/html
https://www.latimes.com/world-nation/story/2025-10-06/venezuela-denounces-alleged-extremist-plan-to-attack-shuttered-us-embassy-complex,452135,263,text/html
https://www.latimes.com/0000017e-b67b-dcb1-a9fe-f7fbf6700000-123,387940,234,text/html
https://www.latimes.com/espanol/comida,369228,126,text/html
https://www.latimes.com/00000180-72b5-dddb-a3a4-f3f554a10000-123,387150,234,text/html
https://www.latimes.com/politics/story/2025-10-07/ag-pam-bondi-dodges-questions-in-combative-senate-committee-grilling,489782,275,text/html
https://www.latimes.com/weddings/locations,500471,271,text/html
https://www.latimes.com/espanol/eeuu/articulo/2025-10-06/trump-considera-permitir-muchos-menos-refugiados-y-la-mayoria-serian-sudafricanos-blancos,304325,108,text/html
https://www.latimes.com/sports/hockey/kings/story/2025-06-27/nhl-draft-remote-format-kings-ducks,427433,242,text/html
https://www.latimes.com/topic/comedy,486320,254,text/html
https://www.latimes.com/sports/hockey/kings/story/2025-09-13/kings-corey-perry-sidelined-six-to-eight-weeks-knee-surgery,397528,242,text/html
https://www.latimes.com/weddings/locations/venues/story/wedding-planning-advice-from-real-brides,448806,279,text/html
https://www.latimes.com/politics/story/2025-10-05/supreme-court-trump-claims-of-unchecked-power,503334,279,text/html
https://www.latimes.com/00000182-dbde-d79f-afeb-dffe3ba10001-123,386192,234,text/html
https://www.latimes.com/espanol/deportes/articulo/2025-10-07/kane-descarta-volver-a-la-liga-premier-y-esta-totalmente-comprometido-con-el-bayern,278267,102,text/html
https://www.latimes.com/0000018d-32c8-d881-a1ef-7ff8bf240000-123,339287,220,text/html
https://www.latimes.com/world-nation/story/2025-10-06/hurricane-priscilla-lashes-western-mexico-with-heavy-rain-and-strong-winds,435707,255,text/html
https://www.latimes.com/weddings/planning-ideas/advice,492766,270,text/html
https://www.latimes.com/espanol/eeuu/articulo/2025-10-07/secretaria-de-justicia-de-eeuu-elude-preguntas-de-los-democratas-en-audiencia-ante-el-congreso,298445,106,text/html
https://www.latimes.com/sports/hockey/kings/story/2025-10-05/anze-kopitar-retirement-kings-playoffs,451945,252,text/html
https://www.latimes.com/people/mary-mcnamara,394237,234,text/html
https://www.latimes.com/sports/story/2025-06-23/ducks-trade-trevor-zegras-to-flyers-for-ryan-poehling-draft-picks,415368,251,text/html
https://www.latimes.com/espanol/eeuu/articulo/2025-10-06/trump-se-dice-abierto-a-acuerdo-sobre-atencion-medica-pero-el-gobierno-debe-reabrir-primero,294550,106,text/html
https://www.latimes.com/weddings/vendors/story/goods-gang-sustainable-modern-wedding-stationery,441138,270,text/html
https://www.latimes.com/world-nation/story/2025-10-07/canadian-pm-carney-visits-trump-as-relations-between-the-longtime-allies-sit-at-a-low-point,460508,262,text/html
https://www.latimes.com/00000183-f741-d452-a98f-ff7993a50001-123,386082,234,text/html
https://www.latimes.com/espanol/internacional/articulo/2025-10-06/israel-y-hamas-inician-conversaciones-indirectas-en-egipto,301668,108,text/html
https://www.latimes.com/00000195-b5aa-d8fa-a197-f7bf44f80000-123,336591,219,text/html
https://www.latimes.com/world-nation.rss,16693,0,application/xml
https://www.latimes.com/entertainment-arts/awards/story/2024-12-05/jennifer-lopez-jharrel-jerome-unstoppable-mohammad-rasoulof-seed-of-the-sacred-fig-envelope-video-podcast,542936,252,text/html
https://www.latimes.com/espanol/vida-y-estilo/articulo/2025-09-21/solvang-california-julefest-holiday-guide,297959,106,text/html
https://www.latimes.com/sports/hockey/ducks/story/2025-07-17/lukas-dostal-avoids-arbitration-anaheim-ducks-deal,400098,246,text/html
https://www.latimes.com/food/newsletter/2025-10-05/how-to-make-fluffy-crispy-edge-pancakes-recipes,428611,258,text/html
https://www.latimes.com/espanol/deportes/articulo/2025-10-07/dodgers-scoring-spree-blake-snell-phillies-nlds-game-2,335440,117,text/html
https://www.latimes.com/entertainment-arts/awards/story/2022-06-23/eleanor-roosevelt-pushed-boundaries-gillian-anderson-first-lady-xfiles,493741,249,text/html
https://www.latimes.com/podcasts/story/2023-02-06/the-times-podcast-history-of-black-quarterbacks-nfl,390241,250,text/html
https://www.latimes.com/00000182-5f77-d6ab-a9f3-dfff66680000-123,388848,237,text/html
https://www.latimes.com/espanol/opinion,370407,125,text/html
https://www.latimes.com/00000193-1d5a-defc-a9d3-5ffb4dee0001-123,337263,219,text/html
https://www.latimes.com/entertainment-arts/awards/story/2024-02-23/barbie-billie-eilish-finneas-oscars-grammys-the-envelope,465601,247,text/html
https://www.latimes.com/entertainment-arts/awards/story/2023-02-07/michelle-yeoh-everything-everywhere-all-at-once-oscar-interview-evelyn-wang,509679,248,text/html
https://www.latimes.com/espanol/internacional/articulo/2025-10-05/israel-y-hamas-se-preparan-para-negociaciones-en-egipto-sobre-gaza-pero-continuan-ataques-israelies,287383,102,text/html
https://www.latimes.com/environment/story/2025-10-07/company-bids-less-than-a-penny-per-ton-in-biggest-us-coal-sale-in-over-a-decade,418915,249,text/html
https://www.latimes.com/sports/hockey/story/2025-06-12/stanley-cup-game-4-leon-draisaitl-overtime,423547,252,text/html
https://www.latimes.com/spaces/outdoor,401444,232,text/html
https://www.latimes.com/espanol/california/articulo/2025-10-05/we-the-people-rising-rally-end-to-ice-raids-restoration-of-healthcare-access,328520,118,text/html
https://www.latimes.com/entertainment-arts/awards/story/2022-12-06/keke-palmer-snl-nope-jordan-peele-akeelah-and-the-bee,506777,250,text/html
https://www.latimes.com/entertainment-arts/awards/story/2023-01-10/todd-field-tar-cate-blanchett-nina-hoss-noemie-merlant-oscars-twister,494481,249,text/html
https://www.latimes.com/00000193-4b25-d884-a5bb-cf3fee970000-123,337134,219,text/html
https://www.latimes.com/espanol/deportes/articulo/2025-10-06/dodgers-phillies-nlds-world-series-path-mlb-postseason,316148,109,text/html
https://www.latimes.com/00000189-f675-df49-abdd-fe75fe2f0000-123,336909,219,text/html
https://www.latimes.com/entertainment-arts/awards/story/2022-08-15/better-call-saul-season-6-finale-rhea-seehorn-kim-wexler,542111,253,text/html
https://www.latimes.com/entertainment-arts/awards/story/2023-08-24/succession-menu-mark-mylod-envelope-podcast,483995,247,text/html
https://www.latimes.com/espanol/eeuu/articulo/2025-09-30/un-mexicano-es-la-segunda-victima-de-tiroteo-en-instalacion-del-ice-en-dallas,311182,116,text/html
https://www.latimes.com/deals/story/pura-promo-code,490014,297,text/html
https://www.latimes.com/espanol/vida-y-estilo/articulo/2025-10-06/la-primera-superluna-del-ano-se-acerca-lo-que-hay-que-saber,275329,103,text/html
https://www.latimes.com/entertainment-arts/awards/story/2023-12-07/oscars-2024-contenders-picture-actor-actress-director-screenplay-supporting,524153,266,text/html
https://www.latimes.com/entertainment-arts/awards/story/2022-01-04/mahershala-ali-and-benjamin-cleary-on-sci-fi-drama-swan-song,474525,256,text/html
https://www.latimes.com/0000017e-c0dd-dc12-a17f-fbdda2390000-123,387110,234,text/html
https://www.latimes.com/espanol/internacional/articulo/2025-10-07/cifras-muestran-como-dos-anos-de-guerra-han-devastado-las-vidas-palestinas-en-gaza,595067,181,text/html
https://www.latimes.com/shortdocs/00000190-17f9-d97c-a19e-b7fbec6e0000-123,338191,220,text/html
https://www.latimes.com/entertainment-arts/awards/story/2023-12-14/american-fiction-jeffrey-wright-cord-jefferson-kemp-powers-across-the-spider-verse-miles-morales-golden-globes,553065,270,text/html
https://www.latimes.com/entertainment-arts/awards/story/2024-06-20/naomi-watts-feud-capote-the-swans-issa-lopez-true-detective-night-country-envelope-podcast,544257,258,text/html
https://www.latimes.com/b2b/banking-finance/story/2025-09-21/unmatched-ventures-pairs-human-investment-capital,401905,260,text/html
https://www.latimes.com/espanol/eeuu/articulo/2025-10-06/cierre-del-gobierno-amenaza-programa-de-ayuda-alimentaria-del-que-dependen-millones-de-familias,322616,117,text/html
https://www.latimes.com/spaces/build/diy/story/garage-workshop-upgrade-ideas,476100,292,text/html
https://www.latimes.com/espanol/opinion/articulo/2025-06-13/ondear-la-bandera-mexicana-en-las-protestas-de-ice-es-tan-estadounidense-como-el-pastel-de-manzana-opinion,311899,113,text/html
https://www.latimes.com/b2b/consumer-goods-retail/story/2025-09-15/centerfield-acquires-consumervoice,385658,258,text/html
https://www.latimes.com/entertainment-arts/awards/story/2025-09-11/2025-emmys-predictions-winners,545774,285,text/html
https://www.latimes.com/entertainment-arts/awards/story/2021-12-21/halle-berry-netflix-bruised-envelope-podcast-interview,504465,250,text/html
https://www.latimes.com/00000198-77d3-d779-a99d-7ff724940000-123,337489,220,text/html
https://www.latimes.com/espanol/educacion,371318,125,text/html
https://www.latimes.com/shortdocs/0000018b-d4f9-d806-abcb-dcfdba210000-123,336266,219,text/html
https://www.latimes.com/entertainment-arts/awards/story/2022-06-21/bridgerton-star-simone-ashley-on-kate-sharma-humanity-and-representation,532079,247,text/html
https://www.latimes.com/entertainment-arts/awards/story/2024-05-30/maya-erskine-mr-mrs-smith-prime-video-viet-thanh-nguyen-don-mckellar-the-sympathizer-hbo-envelope-podcast,569630,258,text/html
https://www.latimes.com/b2b/banking-finance/story/2025-09-19/brandon-williams-appointed-head-of-city-national-banks-wealth-management,399327,257,text/html
https://www.latimes.com/espanol/eeuu/articulo/2025-10-06/las-ciudades-donde-la-gente-gastara-mas-en-sus-autos-este-ano,300233,111,text/html
https://www.latimes.com/spaces/room/kids/story/how-to-find-safe-kids-furniture,472749,296,text/html
https://www.latimes.com/b2b/banking-finance/story/2025-09-18/interior-images-acquired-the-designers-group,399559,257,text/html
https://www.latimes.com/entertainment-arts/awards/story/2025-06-12/janelle-james-abbott-elementary-aaron-pierre-rebel-ridge-envelope-video-podcast,552207,253,text/html
https://www.latimes.com/entertainment-arts/awards/story/2022-03-25/oscars-ceremony-envelope-podcast,435531,258,text/html
https://www.latimes.com/shortdocs/0000018f-366c-d7b9-a9bf-7f7f09290000-123,337471,221,text/html
https://www.latimes.com/espanol/california/articulo/2025-09-19/este-pueblo-californiano-fue-arrasado-por-un-incendio-y-7-anos-despues-las-escuelas-aun-se-recuperan,316479,107,text/html
https://www.latimes.com/shortdocs/0000018b-495a-d518-a9ab-db7f6fb70000-123,340953,220,text/html
https://www.latimes.com/entertainment-arts/awards/story/2023-06-01/la-et-env-james-marsden-jury-duty-ronald-gladen-emmys-envelope-podcast,494612,247,text/html
https://www.latimes.com/entertainment-arts/awards/story/2024-06-06/elsbeth-michelle-king-jonathan-tolins-lessons-in-chemistry-aja-naomi-king-envelope-podcast,561991,259,text/html
https://www.latimes.com/b2b/innovators-unplugged,576819,296,text/html
https://www.latimes.com/espanol/entretenimiento/articulo/2025-10-04/de-cocteles-de-tequila-a-shows-drag-fans-de-taylor-swift-celebran-the-life-of-a-showgirl,294426,107,text/html
https://www.latimes.com/spaces/room/bedroom,380486,223,text/html
https://www.latimes.com/opinion/story/2025-10-01/chicago-portland-national-guard-troops,494674,261,text/html
https://www.latimes.com/b2b/banking-finance/story/2025-09-05/air-lease-corp-go-private-merger-valued-7-4-billion,390976,254,text/html
https://www.latimes.com/entertainment-arts/awards/story/2022-01-18/maggie-gyllenhaal-lost-daughter-envelope,493090,259,text/html
https://www.latimes.com/entertainment-arts/awards/story/2025-02-13/coralie-fargeat-substance-brady-corbet-brutalist-envelope-video-podcast,557444,258,text/html
https://www.latimes.com/00000193-55c8-d42e-a99f-5fd8041b0000-123,336706,219,text/html
https://www.latimes.com/espanol/mexico/articulo/2025-08-03/a-mexican-town-fired-its-police-and-embraced-the-military-heres-what-happened-next,402777,119,text/html
https://www.latimes.com/shortdocs/story/2022-01-05/short-docs-submission-form,348620,229,text/html
https://www.latimes.com/entertainment-arts/awards/story/2023-08-10/la-et-env-hollywood-strike-sag-atra-wga-emmys-envelope-podcast,494337,250,text/html
https://www.latimes.com/entertainment-arts/awards/story/2021-12-14/adam-mckay-the-envelope-podcast,522156,255,text/html
https://www.latimes.com/b2b/events,476305,260,text/html
https://www.latimes.com/opinion/story/2025-10-06/ice-hiring-standards,475028,289,text/html
https://www.latimes.com/spaces/decor/style/story/how-to-create-a-warm-minimalist-home,492475,294,text/html
https://www.latimes.com/insights/,377001,221,text/html
https://www.latimes.com/b2b/ai-technology/story/2025-09-22/divergent-closes-290m-series-e-at-2-3b-valuation,383248,252,text/html
https://www.latimes.com/entertainment-arts/awards/story/2023-06-15/la-et-env-christina-applegate-linda-cardellini-dead-to-me-emmys-envelope-podcast,515698,247,text/html
https://www.latimes.com/entertainment-arts/awards/story/2024-12-12/ryan-destiny-fire-inside-sean-baker-mikey-madison-anora-envelope-video-podcast,550440,254,text/html
https://www.latimes.com/rgeuhdredti-123,375148,232,text/html
https://www.latimes.com/espanol/california/articulo/2025-10-07/automovilistas-levantan-helicoptero-estrellado-en-california-para-rescatar-a-mujer,300622,109,text/html
https://www.latimes.com/00000195-070b-df26-a397-3f9b16990000-123,338475,219,text/html
https://www.latimes.com/entertainment-arts/awards/story/2022-02-01/spencer-director-pablo-larrain-princess-diana-kristen-stewart,483938,255,text/html
https://www.latimes.com/entertainment-arts/awards/story/2022-05-24/lily-tomlin-jane-fonda-grace-frankie-finale-dolly-friendship,491496,249,text/html
https://www.latimes.com/b2b/nominations,415994,232,text/html
https://www.latimes.com/world-nation/story/2025-10-03/portland-braces-for-federal-troops-protests-escalate-conservative-influencer-arrested,473158,265,text/html
https://www.latimes.com/spaces/decor/shop/story/sculptural-container-garden-ideas,472759,275,text/html
https://www.latimes.com/entertainment-arts/business/story/2025-09-25/spotify-removes-ai-spammy-music-tracks,454874,262,text/html
https://www.latimes.com/b2b/consumer-goods-retail/story/2025-09-19/osea-malibu-secures-general-atlantic-investment,391402,258,text/html
https://www.latimes.com/entertainment-arts/awards/story/2020-12-02/the-envelope-podcast,440762,251,text/html
https://www.latimes.com/entertainment-arts/awards/story/2023-08-17/vanderpump-rules-bravo-lisa-vanderpump-alex-baskin-season-11-spinoff-emmys-scandoval,519881,255,text/html
https://www.latimes.com/00000184-8c10-dd0c-a7a6-eed245370001-123,385838,234,text/html
https://www.latimes.com/espanol/eeuu/articulo/2025-10-06/tensiones-comerciales-causan-estrepitosa-caida-de-exportaciones-de-licores-estadounidenses-a-canada,325667,117,text/html
https://www.latimes.com/0000017f-b820-dbac-a3ff-fd3ab66b0000-123,387989,234,text/html
https://www.latimes.com/topic/breaking-news.rss,12916,0,application/xml
https://www.latimes.com/entertainment-arts/awards/story/2025-08-14/kathy-bates-matlock-jason-segel-shrinking-envelope-video-podcast,560864,261,text/html
https://www.latimes.com/b2b/banking-finance/story/2025-09-23/prorataai-raises-40m-series-b-round,398935,258,text/html
https://www.latimes.com/entertainment-arts/business/story/2025-10-06/la-et-ct-wme-sora-openai-artificial-intelligence,471019,269,text/html
https://www.latimes.com/spaces/build/diy/story/diy-hybrid-home-design-one-room,470688,296,text/html
https://www.latimes.com/california/story/2025-09-29/newsom-signs-ai-transparency-bill,462801,263,text/html
https://www.latimes.com/b2b/banking-finance/story/2025-09-23/blue-pacific-flavors-acquired-by-capol,398768,258,text/html
https://www.latimes.com/entertainment-arts/awards/story/2023-12-21/greta-lee-past-lives-francine-jamison-tanchuck-the-color-purple,526852,260,text/html
https://www.latimes.com/entertainment-arts/music/story/2025-10-06/taylor-swift-last-album-fate-of-ophelia,465581,268,text/html
https://www.latimes.com/people/bill-addison.rss,15535,0,application/xml
